Image,Neoplastic,Inflammatory,Connective,Dead,Epithelial
1_0.png,4,2,2,0,0
1_1.png,8,1,1,0,0
1_10.png,17,0,1,0,0
1_100.png,10,0,11,0,0
1_1000.png,0,0,2,0,0
1_1001.png,0,0,7,0,0
1_1002.png,0,0,5,0,0
1_1003.png,0,0,6,0,0
1_1004.png,0,0,5,0,0
1_1005.png,0,0,5,0,0
1_1006.png,0,0,7,0,0
1_1007.png,0,0,5,0,0
1_1008.png,0,0,17,0,0
1_1009.png,0,0,12,0,0
1_101.png,10,5,10,0,0
1_1010.png,0,0,15,0,0
1_1011.png,0,0,6,0,0
1_1012.png,0,0,10,0,0
1_1013.png,0,0,1,0,0
1_1014.png,0,0,12,0,0
1_1015.png,0,0,2,0,0
1_1016.png,0,0,8,0,0
1_1017.png,0,1,9,0,0
1_1018.png,17,27,3,0,0
1_1019.png,20,35,0,0,0
1_102.png,11,0,13,0,0
1_1020.png,17,42,1,0,0
1_1021.png,26,32,7,0,0
1_1022.png,22,18,0,0,0
1_1023.png,20,33,4,0,0
1_1024.png,29,27,4,0,0
1_1025.png,10,0,0,28,0
1_1026.png,35,0,6,34,0
1_1027.png,28,0,6,34,0
1_1028.png,15,0,9,25,0
1_1029.png,35,0,6,50,0
1_103.png,0,0,8,0,15
1_1030.png,18,0,17,47,0
1_1031.png,39,0,5,25,0
1_1032.png,15,0,11,15,0
1_1033.png,0,0,0,55,0
1_1034.png,3,0,4,58,0
1_1035.png,21,5,11,46,0
1_1036.png,15,0,19,35,0
1_1037.png,33,0,23,28,0
1_1038.png,57,0,3,21,0
1_1039.png,0,0,1,48,0
1_104.png,0,0,8,0,17
1_1040.png,33,0,1,34,0
1_1041.png,0,0,0,53,0
1_1042.png,9,0,12,0,0
1_1043.png,5,0,17,0,0
1_1044.png,3,0,15,0,0
1_1045.png,22,0,5,0,0
1_1046.png,24,0,0,0,0
1_1047.png,1,1,17,0,0
1_1048.png,12,0,9,0,0
1_1049.png,24,0,1,0,0
1_105.png,0,0,7,0,24
1_1050.png,28,0,0,0,0
1_1051.png,5,0,16,0,0
1_1052.png,7,0,17,0,0
1_1053.png,0,0,8,0,0
1_1054.png,21,0,4,0,0
1_1055.png,2,0,25,0,0
1_1056.png,18,0,12,0,0
1_1057.png,30,0,1,0,0
1_1058.png,9,0,19,0,0
1_1059.png,13,0,19,0,0
1_106.png,0,0,4,0,30
1_1060.png,34,0,0,0,0
1_1061.png,0,74,104,0,0
1_1062.png,0,113,60,0,23
1_1063.png,0,193,75,0,8
1_1064.png,18,0,0,0,0
1_1065.png,11,1,4,0,0
1_1066.png,4,3,4,0,0
1_1067.png,0,0,6,0,0
1_1068.png,0,3,9,0,0
1_1069.png,0,7,16,0,0
1_107.png,0,2,9,0,19
1_1070.png,3,9,16,0,0
1_1071.png,9,2,7,0,0
1_1072.png,0,12,9,0,0
1_1073.png,0,15,12,0,0
1_1074.png,13,0,6,0,0
1_1075.png,1,5,20,0,0
1_1076.png,1,7,16,0,0
1_1077.png,0,6,17,0,0
1_1078.png,16,1,6,0,0
1_1079.png,0,6,12,0,0
1_108.png,0,0,11,0,9
1_1080.png,7,3,6,0,0
1_1081.png,17,0,4,0,0
1_1082.png,11,1,1,0,0
1_1083.png,0,4,12,0,0
1_1084.png,0,0,11,0,0
1_1085.png,14,0,2,0,0
1_1086.png,0,93,2,0,0
1_1087.png,0,63,3,0,0
1_1088.png,0,0,5,0,27
1_1089.png,0,0,2,0,34
1_109.png,0,0,13,0,13
1_1090.png,0,0,3,0,37
1_1091.png,0,0,0,0,4
1_1092.png,0,0,0,0,8
1_1093.png,0,0,0,0,14
1_1094.png,0,0,0,0,2
1_1095.png,0,2,13,0,24
1_1096.png,0,4,36,0,10
1_1097.png,0,0,5,0,0
1_1098.png,0,0,5,0,0
1_1099.png,1,0,25,0,0
1_11.png,9,0,5,0,0
1_110.png,0,0,7,0,32
1_1100.png,0,0,3,0,0
1_1101.png,0,3,5,0,0
1_1102.png,3,4,5,0,0
1_1103.png,14,2,23,0,0
1_1104.png,0,0,4,0,0
1_1105.png,0,0,9,0,0
1_1106.png,0,1,4,0,0
1_1107.png,7,0,0,0,0
1_1108.png,20,1,1,0,0
1_1109.png,0,1,4,0,0
1_111.png,0,0,5,0,29
1_1110.png,0,1,2,0,0
1_1111.png,18,3,9,0,0
1_1112.png,25,0,7,0,0
1_1113.png,19,2,2,0,0
1_1114.png,14,0,9,0,0
1_1115.png,0,0,9,0,0
1_1116.png,0,0,9,0,0
1_1117.png,0,1,7,0,0
1_1118.png,0,0,12,0,0
1_1119.png,0,0,13,0,0
1_112.png,38,0,2,0,0
1_1120.png,0,0,4,0,0
1_1121.png,0,0,8,0,0
1_1122.png,0,0,4,0,0
1_1123.png,0,0,5,0,0
1_1124.png,0,0,3,0,0
1_1125.png,0,0,12,0,0
1_1126.png,0,0,11,0,0
1_1127.png,0,0,18,0,0
1_1128.png,0,0,14,0,0
1_1129.png,0,0,16,0,0
1_113.png,28,0,2,0,0
1_1130.png,0,0,4,0,0
1_1131.png,0,0,9,0,0
1_1132.png,0,0,9,0,0
1_1133.png,21,0,9,0,0
1_1134.png,37,0,0,0,0
1_1135.png,26,0,6,0,0
1_1136.png,34,0,0,0,0
1_1137.png,32,0,2,0,0
1_1138.png,35,0,2,0,0
1_1139.png,33,0,2,0,0
1_114.png,28,0,3,0,0
1_1140.png,17,0,15,0,0
1_1141.png,28,0,2,0,0
1_1142.png,38,0,0,0,0
1_1143.png,9,0,32,0,0
1_1144.png,19,0,25,0,0
1_1145.png,29,0,10,0,0
1_1146.png,21,0,13,0,0
1_1147.png,0,0,0,0,0
1_1148.png,0,0,0,0,0
1_1149.png,0,0,0,0,0
1_115.png,26,0,7,0,0
1_1150.png,0,3,0,0,0
1_1151.png,0,5,0,0,0
1_1152.png,0,0,0,0,0
1_1153.png,0,4,0,0,0
1_1154.png,0,1,0,0,0
1_1155.png,0,0,0,0,0
1_1156.png,0,5,0,0,0
1_1157.png,0,1,1,0,0
1_1158.png,0,0,0,0,0
1_1159.png,0,2,0,0,0
1_116.png,49,1,0,0,0
1_1160.png,0,0,0,0,0
1_1161.png,0,0,0,0,0
1_1162.png,0,3,0,0,0
1_1163.png,0,7,1,0,0
1_1164.png,0,0,0,0,0
1_1165.png,0,1,0,0,0
1_1166.png,0,0,0,0,0
1_1167.png,0,1,0,0,0
1_1168.png,0,2,0,0,0
1_1169.png,0,5,0,0,0
1_117.png,0,69,3,0,0
1_1170.png,0,2,0,0,0
1_1171.png,26,1,6,0,0
1_1172.png,19,0,3,0,0
1_1173.png,19,0,4,0,0
1_1174.png,22,2,2,0,0
1_1175.png,26,1,4,0,0
1_1176.png,24,1,5,0,0
1_1177.png,19,0,3,0,0
1_1178.png,15,0,2,0,0
1_1179.png,26,1,3,0,0
1_118.png,0,36,14,0,0
1_1180.png,20,2,4,0,0
1_1181.png,21,0,7,0,0
1_1182.png,20,1,4,0,0
1_1183.png,17,1,5,0,0
1_1184.png,21,1,3,0,0
1_1185.png,16,0,4,0,0
1_1186.png,1,0,8,0,0
1_1187.png,16,1,8,0,0
1_1188.png,10,0,6,0,0
1_1189.png,0,0,1,0,0
1_119.png,9,48,3,0,0
1_1190.png,0,0,6,0,0
1_1191.png,6,0,0,0,0
1_1192.png,7,0,0,0,0
1_1193.png,11,0,6,0,0
1_1194.png,11,0,0,0,0
1_1195.png,11,0,1,0,0
1_1196.png,12,0,0,0,0
1_1197.png,13,0,0,0,0
1_1198.png,15,0,0,0,0
1_1199.png,15,0,0,0,0
1_12.png,7,0,2,0,0
1_120.png,2,58,3,0,0
1_1200.png,12,0,2,0,0
1_1201.png,9,1,3,0,0
1_1202.png,16,0,2,0,0
1_1203.png,9,0,4,0,0
1_1204.png,6,0,2,0,0
1_1205.png,6,0,0,0,0
1_1206.png,12,0,0,0,0
1_1207.png,10,3,0,0,0
1_1208.png,12,0,2,0,0
1_1209.png,14,0,0,0,0
1_121.png,29,2,5,0,0
1_1210.png,14,0,0,0,0
1_1211.png,7,0,0,0,0
1_1212.png,10,0,6,0,0
1_1213.png,6,0,4,0,0
1_1214.png,6,0,1,0,0
1_1215.png,8,0,3,0,0
1_1216.png,6,0,3,0,0
1_1217.png,10,2,0,0,0
1_1218.png,19,0,2,0,0
1_1219.png,8,0,0,0,0
1_122.png,28,9,2,0,0
1_1220.png,10,0,0,0,0
1_1221.png,9,0,4,0,0
1_1222.png,14,0,0,0,0
1_1223.png,15,0,0,0,0
1_1224.png,13,0,0,0,0
1_1225.png,10,0,1,0,0
1_1226.png,11,0,1,0,0
1_1227.png,15,0,0,0,0
1_1228.png,10,0,0,0,0
1_1229.png,11,0,1,0,0
1_123.png,0,1,11,0,18
1_1230.png,12,0,0,0,0
1_1231.png,15,1,1,0,0
1_1232.png,20,0,0,0,0
1_1233.png,6,2,8,0,0
1_1234.png,14,1,0,0,0
1_1235.png,9,0,3,0,0
1_1236.png,13,0,4,0,0
1_1237.png,2,0,11,0,0
1_1238.png,0,0,1,0,12
1_1239.png,0,0,4,0,4
1_124.png,0,0,8,0,29
1_1240.png,0,4,3,0,10
1_1241.png,0,0,0,0,5
1_1242.png,0,0,0,0,8
1_1243.png,0,4,6,0,7
1_1244.png,0,1,0,0,6
1_1245.png,0,6,14,0,12
1_1246.png,0,0,11,0,0
1_1247.png,0,0,9,0,0
1_1248.png,4,0,4,0,0
1_1249.png,13,0,2,0,0
1_125.png,0,1,6,0,29
1_1250.png,15,0,5,0,0
1_1251.png,0,0,11,0,0
1_1252.png,21,0,0,0,0
1_1253.png,11,0,9,0,0
1_1254.png,2,0,7,0,0
1_1255.png,25,1,1,0,0
1_1256.png,0,0,12,0,0
1_1257.png,2,0,11,0,0
1_1258.png,21,1,1,0,0
1_1259.png,18,0,3,0,0
1_126.png,0,2,12,0,11
1_1260.png,3,0,5,0,0
1_1261.png,14,0,3,0,0
1_1262.png,11,0,7,0,0
1_1263.png,0,0,6,0,0
1_1264.png,0,0,0,0,25
1_1265.png,0,1,2,0,14
1_1266.png,0,0,1,0,14
1_1267.png,0,1,3,0,21
1_1268.png,1,0,2,0,23
1_1269.png,0,0,3,0,26
1_127.png,0,0,10,0,22
1_1270.png,0,0,2,0,19
1_1271.png,0,0,3,0,21
1_1272.png,0,0,5,0,34
1_1273.png,0,4,10,0,17
1_1274.png,0,2,6,0,23
1_1275.png,0,2,6,0,23
1_1276.png,0,1,3,0,37
1_1277.png,0,1,5,0,27
1_1278.png,0,4,10,0,5
1_1279.png,0,10,9,0,33
1_128.png,0,2,10,0,27
1_1280.png,0,21,24,0,14
1_1281.png,0,0,29,0,0
1_1282.png,0,0,12,0,0
1_1283.png,0,0,11,0,0
1_1284.png,0,7,12,0,0
1_1285.png,0,1,13,0,0
1_1286.png,0,6,14,0,0
1_1287.png,0,4,16,0,0
1_1288.png,0,0,10,0,0
1_1289.png,0,0,17,0,0
1_129.png,0,2,12,0,35
1_1290.png,1,1,7,0,0
1_1291.png,29,0,5,0,0
1_1292.png,6,0,4,0,0
1_1293.png,0,1,8,0,0
1_1294.png,16,1,3,0,0
1_1295.png,0,1,18,0,0
1_1296.png,0,1,26,0,0
1_1297.png,17,0,1,0,0
1_1298.png,0,1,24,0,0
1_1299.png,0,1,14,0,0
1_13.png,3,0,6,0,0
1_130.png,0,1,12,0,6
1_1300.png,32,1,3,0,0
1_1301.png,21,1,3,0,0
1_1302.png,12,2,9,0,0
1_1303.png,11,1,2,0,0
1_1304.png,0,0,12,0,0
1_1305.png,12,7,0,0,0
1_1306.png,13,1,0,0,0
1_1307.png,1,1,12,0,0
1_1308.png,10,0,7,0,0
1_1309.png,19,1,0,0,0
1_131.png,0,2,2,0,45
1_1310.png,9,0,6,0,0
1_1311.png,5,0,13,0,0
1_1312.png,9,0,3,0,0
1_1313.png,13,2,1,0,0
1_1314.png,16,0,2,0,0
1_1315.png,13,0,7,0,0
1_1316.png,13,0,1,0,0
1_1317.png,17,2,2,0,0
1_1318.png,13,1,5,0,0
1_1319.png,14,8,4,0,0
1_132.png,0,0,17,0,13
1_1320.png,21,1,3,0,0
1_1321.png,19,2,0,0,0
1_1322.png,24,3,0,0,0
1_1323.png,18,5,2,0,0
1_1324.png,16,4,0,0,0
1_1325.png,13,5,0,0,0
1_1326.png,14,3,3,0,0
1_1327.png,18,3,0,0,0
1_1328.png,18,7,0,0,0
1_1329.png,16,4,2,0,0
1_133.png,0,1,3,0,1
1_1330.png,7,9,4,0,0
1_1331.png,21,9,0,0,0
1_1332.png,22,4,0,0,0
1_1333.png,11,7,2,0,0
1_1334.png,18,5,6,0,0
1_1335.png,18,6,0,0,0
1_1336.png,15,3,0,0,0
1_1337.png,4,13,14,0,0
1_1338.png,22,5,0,0,0
1_1339.png,20,10,1,0,0
1_134.png,0,0,5,0,8
1_1340.png,8,9,11,0,0
1_1341.png,18,4,3,0,0
1_1342.png,22,9,6,0,0
1_1343.png,19,3,4,0,0
1_1344.png,32,1,1,1,0
1_1345.png,52,0,0,0,0
1_1346.png,0,6,0,0,0
1_1347.png,17,9,2,0,0
1_1348.png,61,0,0,0,0
1_1349.png,39,0,0,7,0
1_135.png,0,1,5,0,30
1_1350.png,0,14,3,0,0
1_1351.png,48,1,0,0,0
1_1352.png,74,0,0,0,0
1_1353.png,0,15,5,0,0
1_1354.png,0,17,3,0,0
1_1355.png,0,9,3,0,0
1_1356.png,0,35,4,0,0
1_1357.png,0,27,0,0,0
1_1358.png,0,23,4,0,0
1_1359.png,1,10,3,0,0
1_136.png,0,3,14,0,15
1_1360.png,24,8,2,0,0
1_1361.png,0,13,7,0,0
1_1362.png,0,16,7,0,0
1_1363.png,0,10,4,0,0
1_1364.png,0,13,4,0,0
1_1365.png,0,10,7,0,0
1_1366.png,0,9,5,0,0
1_1367.png,0,19,6,0,0
1_1368.png,0,19,2,0,0
1_1369.png,14,14,3,0,0
1_137.png,0,1,4,0,18
1_1370.png,5,1,7,0,0
1_1371.png,0,2,9,0,0
1_1372.png,15,1,2,0,0
1_1373.png,3,0,10,0,0
1_1374.png,22,2,5,0,0
1_1375.png,8,1,6,0,0
1_1376.png,8,2,1,0,0
1_1377.png,15,2,15,0,0
1_1378.png,5,2,11,0,0
1_1379.png,11,1,2,0,0
1_138.png,0,0,7,0,29
1_1380.png,7,2,4,0,0
1_1381.png,14,1,0,0,0
1_1382.png,7,4,7,0,0
1_1383.png,9,8,8,0,0
1_1384.png,15,2,4,0,0
1_1385.png,9,0,11,0,0
1_1386.png,0,1,12,0,0
1_1387.png,11,2,7,0,0
1_1388.png,21,0,0,0,0
1_1389.png,16,0,0,0,0
1_139.png,0,0,2,0,38
1_1390.png,13,0,0,0,0
1_1391.png,22,0,1,0,0
1_1392.png,7,0,0,0,0
1_1393.png,15,0,1,0,0
1_1394.png,15,0,1,0,0
1_1395.png,16,0,0,0,0
1_1396.png,19,0,0,0,0
1_1397.png,17,0,0,0,0
1_1398.png,13,0,0,0,0
1_1399.png,20,0,2,0,0
1_14.png,5,1,3,0,0
1_140.png,0,1,9,0,0
1_1400.png,5,0,0,0,0
1_1401.png,21,0,0,0,0
1_1402.png,24,0,0,0,0
1_1403.png,11,0,0,0,0
1_1404.png,14,0,0,0,0
1_1405.png,7,0,0,0,0
1_1406.png,17,0,0,0,0
1_1407.png,12,0,1,0,0
1_1408.png,11,0,1,0,0
1_1409.png,20,0,0,0,0
1_141.png,9,0,2,0,0
1_1410.png,13,0,3,0,0
1_1411.png,23,0,0,0,0
1_1412.png,16,2,2,0,0
1_1413.png,21,4,1,0,0
1_1414.png,2,3,7,0,0
1_1415.png,17,9,3,0,0
1_1416.png,9,7,2,0,0
1_1417.png,22,0,2,0,0
1_1418.png,1,12,6,0,0
1_1419.png,0,2,18,0,0
1_142.png,18,0,5,0,0
1_1420.png,9,1,4,0,0
1_1421.png,0,6,13,0,0
1_1422.png,0,4,19,0,0
1_1423.png,5,2,13,0,0
1_1424.png,0,4,12,0,0
1_1425.png,0,3,14,0,15
1_1426.png,0,1,0,0,25
1_1427.png,0,1,4,0,38
1_1428.png,0,2,4,0,36
1_1429.png,0,0,0,0,14
1_143.png,26,1,3,0,0
1_1430.png,0,0,0,0,3
1_1431.png,0,5,7,0,15
1_1432.png,0,0,0,0,0
1_1433.png,0,0,0,0,0
1_1434.png,0,0,1,0,19
1_1435.png,0,4,18,0,2
1_1436.png,0,4,12,0,20
1_1437.png,0,0,0,0,32
1_1438.png,0,7,6,0,22
1_1439.png,0,8,16,0,0
1_144.png,17,1,2,0,0
1_1440.png,5,10,12,0,0
1_1441.png,10,12,4,0,0
1_1442.png,12,15,9,0,0
1_1443.png,0,2,16,0,0
1_1444.png,0,1,25,0,9
1_1445.png,0,1,18,0,15
1_1446.png,39,0,2,0,0
1_1447.png,8,0,5,0,0
1_1448.png,34,0,2,0,0
1_1449.png,23,0,7,0,0
1_145.png,6,0,3,0,0
1_1450.png,21,0,7,0,0
1_1451.png,13,0,9,0,0
1_1452.png,9,0,11,0,0
1_1453.png,13,0,6,0,0
1_1454.png,14,0,2,0,0
1_1455.png,6,1,11,0,0
1_1456.png,50,0,0,0,0
1_1457.png,16,0,6,0,0
1_1458.png,18,0,11,0,0
1_1459.png,0,1,2,0,0
1_146.png,14,2,2,0,0
1_1460.png,0,3,13,0,0
1_1461.png,0,0,20,0,0
1_1462.png,18,12,8,0,0
1_1463.png,0,27,16,0,0
1_1464.png,0,13,24,0,0
1_1465.png,46,2,1,0,0
1_1466.png,0,24,15,0,0
1_1467.png,23,1,4,0,0
1_1468.png,30,0,2,0,0
1_1469.png,30,0,3,0,0
1_147.png,12,0,1,0,0
1_1470.png,30,1,0,0,0
1_1471.png,31,0,0,0,0
1_1472.png,5,5,17,0,0
1_1473.png,20,26,4,0,0
1_1474.png,23,0,2,0,0
1_1475.png,10,1,5,0,0
1_1476.png,6,1,5,0,0
1_1477.png,5,13,13,0,0
1_1478.png,0,19,14,0,0
1_1479.png,0,21,14,0,22
1_148.png,0,0,2,0,15
1_1480.png,0,3,9,0,34
1_1481.png,67,0,0,3,0
1_1482.png,7,0,0,68,0
1_1483.png,0,14,35,0,20
1_1484.png,0,5,5,0,14
1_1485.png,0,31,56,0,0
1_1486.png,0,97,57,0,0
1_1487.png,0,104,85,0,0
1_1488.png,45,1,1,0,0
1_1489.png,28,1,3,0,0
1_149.png,0,0,0,0,37
1_1490.png,59,1,0,0,0
1_1491.png,54,0,1,0,0
1_1492.png,27,2,7,0,0
1_1493.png,33,0,2,0,0
1_1494.png,0,10,50,0,0
1_1495.png,0,10,50,0,0
1_1496.png,0,0,23,0,0
1_1497.png,0,0,20,0,0
1_1498.png,0,0,12,0,0
1_1499.png,0,0,12,0,0
1_15.png,4,0,8,0,0
1_150.png,0,0,11,0,27
1_1500.png,47,0,3,0,0
1_1501.png,4,1,18,0,0
1_1502.png,32,0,1,0,0
1_1503.png,30,0,0,2,0
1_1504.png,3,7,49,0,0
1_1505.png,1,14,32,0,0
1_1506.png,8,26,57,0,0
1_1507.png,0,5,28,0,0
1_1508.png,54,5,11,0,0
1_1509.png,0,5,18,0,0
1_151.png,0,3,4,0,19
1_1510.png,0,3,21,0,0
1_1511.png,0,0,14,0,0
1_1512.png,0,0,0,0,0
1_1513.png,79,0,0,0,0
1_1514.png,59,0,3,0,0
1_1515.png,32,0,0,0,0
1_1516.png,59,1,1,0,0
1_1517.png,51,2,2,0,0
1_1518.png,0,7,23,0,0
1_1519.png,0,9,34,0,0
1_152.png,0,1,0,0,33
1_1520.png,28,0,2,0,0
1_1521.png,35,0,6,0,0
1_1522.png,32,0,8,0,0
1_1523.png,24,0,1,0,0
1_1524.png,23,2,0,0,0
1_1525.png,23,0,0,0,0
1_1526.png,0,8,15,0,0
1_1527.png,0,1,0,0,0
1_1528.png,0,0,4,0,0
1_1529.png,0,8,6,0,0
1_153.png,12,4,0,0,0
1_1530.png,0,1,1,0,0
1_1531.png,0,2,14,0,0
1_1532.png,7,0,1,0,0
1_1533.png,15,0,0,0,0
1_1534.png,11,0,0,0,0
1_1535.png,15,0,0,0,0
1_1536.png,11,1,0,0,0
1_1537.png,11,0,0,0,0
1_1538.png,9,0,0,0,0
1_1539.png,8,0,0,0,0
1_154.png,1,9,5,0,0
1_1540.png,23,0,0,0,0
1_1541.png,17,0,2,0,0
1_1542.png,0,0,0,0,3
1_1543.png,0,0,2,0,3
1_1544.png,0,0,4,0,1
1_1545.png,0,0,4,0,0
1_1546.png,0,0,4,0,0
1_1547.png,0,0,7,0,0
1_1548.png,0,4,28,0,0
1_1549.png,6,0,0,0,0
1_155.png,8,3,1,0,0
1_1550.png,7,0,0,0,0
1_1551.png,6,0,0,0,0
1_1552.png,11,0,0,0,0
1_1553.png,11,0,2,0,0
1_1554.png,8,0,0,0,0
1_1555.png,8,0,4,0,0
1_1556.png,9,0,0,0,0
1_1557.png,12,2,4,0,0
1_1558.png,19,2,1,0,0
1_1559.png,14,0,4,0,0
1_156.png,4,7,5,0,0
1_1560.png,17,3,4,0,0
1_1561.png,7,2,2,0,0
1_1562.png,11,1,1,0,0
1_1563.png,14,0,6,0,0
1_1564.png,18,1,2,0,0
1_1565.png,8,0,7,0,0
1_1566.png,10,0,8,0,0
1_1567.png,1,1,1,0,0
1_1568.png,5,0,3,0,0
1_1569.png,2,1,0,0,0
1_157.png,6,5,4,0,0
1_1570.png,23,1,2,0,0
1_1571.png,15,0,4,0,0
1_1572.png,2,0,9,0,0
1_1573.png,18,1,4,0,0
1_1574.png,0,0,2,0,0
1_1575.png,0,0,4,0,0
1_1576.png,0,0,1,0,0
1_1577.png,0,0,2,0,0
1_1578.png,0,0,0,0,0
1_1579.png,0,0,4,0,0
1_158.png,0,1,5,0,0
1_1580.png,0,9,21,0,0
1_1581.png,0,11,21,0,0
1_1582.png,0,7,18,0,1
1_1583.png,0,5,15,0,1
1_1584.png,0,20,14,0,14
1_1585.png,2,0,14,0,0
1_1586.png,2,0,9,0,0
1_1587.png,1,4,9,0,0
1_1588.png,5,2,16,0,0
1_1589.png,2,3,10,0,0
1_159.png,0,1,9,0,8
1_1590.png,2,0,7,0,0
1_1591.png,14,0,2,0,0
1_1592.png,9,0,6,0,0
1_1593.png,0,3,15,0,0
1_1594.png,0,0,10,0,0
1_1595.png,0,2,22,0,0
1_1596.png,0,5,5,0,9
1_1597.png,0,10,8,0,2
1_1598.png,0,3,4,0,7
1_1599.png,0,0,7,0,10
1_16.png,7,1,4,0,0
1_160.png,0,1,11,0,9
1_1600.png,0,0,1,0,9
1_1601.png,0,5,5,0,10
1_1602.png,0,4,4,0,14
1_1603.png,0,0,6,0,9
1_1604.png,0,5,10,0,0
1_1605.png,0,4,22,0,0
1_1606.png,0,10,33,0,0
1_1607.png,21,0,7,0,0
1_1608.png,21,0,14,0,0
1_1609.png,21,1,8,0,0
1_161.png,0,2,1,0,30
1_1610.png,16,1,16,0,0
1_1611.png,20,1,14,0,0
1_1612.png,27,1,9,0,0
1_1613.png,23,0,11,0,0
1_1614.png,0,0,0,0,0
1_1615.png,0,0,0,0,0
1_1616.png,0,0,0,0,0
1_1617.png,0,0,0,0,0
1_1618.png,0,0,0,0,0
1_1619.png,0,0,0,0,0
1_162.png,0,2,6,0,24
1_1620.png,0,0,0,0,0
1_1621.png,8,11,12,0,0
1_1622.png,21,8,7,0,0
1_1623.png,11,14,22,0,0
1_1624.png,22,6,7,0,0
1_1625.png,28,4,2,0,0
1_1626.png,28,6,0,0,0
1_1627.png,13,17,2,0,0
1_1628.png,0,2,3,0,0
1_1629.png,0,0,0,0,0
1_163.png,0,1,7,0,15
1_1630.png,0,3,9,0,0
1_1631.png,0,0,2,0,0
1_1632.png,0,0,0,0,0
1_1633.png,6,2,0,0,0
1_1634.png,4,19,10,0,0
1_1635.png,13,3,0,0,0
1_1636.png,9,15,2,0,0
1_1637.png,1,89,7,0,0
1_1638.png,0,63,13,0,0
1_1639.png,18,0,1,0,0
1_164.png,0,1,4,0,2
1_1640.png,12,1,3,0,0
1_1641.png,12,1,1,0,0
1_1642.png,24,0,0,0,0
1_1643.png,1,2,12,0,0
1_1644.png,0,9,17,0,0
1_1645.png,0,6,8,0,0
1_1646.png,0,6,11,0,0
1_1647.png,0,13,17,0,0
1_1648.png,4,31,17,0,0
1_1649.png,3,25,11,0,0
1_165.png,0,1,14,0,5
1_1650.png,0,9,17,0,0
1_1651.png,0,29,9,0,0
1_1652.png,0,5,17,0,0
1_1653.png,0,3,18,0,0
1_1654.png,0,12,12,0,0
1_1655.png,0,1,8,0,0
1_1656.png,0,1,6,0,10
1_1657.png,0,0,20,0,1
1_1658.png,0,1,18,0,0
1_1659.png,0,4,12,0,0
1_166.png,0,0,5,0,31
1_1660.png,23,1,4,0,0
1_1661.png,18,0,0,0,0
1_1662.png,30,0,0,0,0
1_1663.png,0,1,11,0,0
1_1664.png,0,0,5,0,0
1_1665.png,0,0,8,0,0
1_1666.png,0,1,16,0,0
1_1667.png,0,0,7,0,0
1_1668.png,0,0,8,0,0
1_1669.png,0,0,12,0,0
1_167.png,0,2,7,0,30
1_1670.png,0,0,13,0,0
1_1671.png,0,0,8,0,0
1_1672.png,0,0,8,0,0
1_1673.png,0,0,8,0,0
1_1674.png,0,0,7,0,0
1_1675.png,0,2,2,0,0
1_1676.png,0,0,9,0,0
1_1677.png,0,0,8,0,0
1_1678.png,0,1,3,0,0
1_1679.png,0,0,2,0,0
1_168.png,0,4,12,0,15
1_1680.png,0,0,1,0,0
1_1681.png,0,3,4,0,0
1_1682.png,0,0,2,0,0
1_1683.png,0,0,0,0,20
1_1684.png,0,0,6,0,28
1_1685.png,0,2,10,0,2
1_1686.png,0,2,18,0,0
1_1687.png,8,5,13,0,0
1_1688.png,15,0,0,0,0
1_1689.png,0,3,22,0,0
1_169.png,0,1,10,0,18
1_1690.png,0,8,24,0,0
1_1691.png,2,10,13,0,0
1_1692.png,3,6,9,0,0
1_1693.png,10,7,4,0,0
1_1694.png,5,1,17,0,0
1_1695.png,4,0,15,0,0
1_1696.png,18,0,0,0,0
1_1697.png,11,1,0,6,0
1_1698.png,27,0,0,0,0
1_1699.png,24,0,0,0,0
1_17.png,10,1,6,0,0
1_170.png,0,1,3,0,27
1_1700.png,22,1,0,0,0
1_1701.png,22,0,0,0,0
1_1702.png,21,0,0,0,0
1_1703.png,16,0,0,0,0
1_1704.png,0,0,0,0,0
1_1705.png,0,0,0,0,0
1_1706.png,0,1,1,0,0
1_1707.png,0,0,0,0,0
1_1708.png,0,0,0,0,0
1_1709.png,0,0,0,0,0
1_171.png,0,0,7,0,20
1_1710.png,15,0,0,0,0
1_1711.png,12,0,0,0,0
1_1712.png,13,0,2,0,0
1_1713.png,19,0,0,0,0
1_1714.png,21,0,0,0,0
1_1715.png,19,0,2,0,0
1_1716.png,19,1,1,0,0
1_1717.png,19,1,0,0,0
1_1718.png,0,0,8,0,0
1_1719.png,0,1,8,0,0
1_172.png,4,1,1,0,0
1_1720.png,0,0,9,0,0
1_1721.png,0,0,6,0,0
1_1722.png,0,0,12,0,0
1_1723.png,0,0,0,0,0
1_1724.png,0,0,0,0,0
1_1725.png,0,0,0,0,0
1_1726.png,79,0,3,0,0
1_1727.png,83,0,8,0,0
1_1728.png,77,0,13,0,0
1_1729.png,91,1,1,0,0
1_173.png,1,1,2,0,0
1_1730.png,99,0,4,0,0
1_1731.png,79,1,5,0,0
1_1732.png,12,5,19,0,0
1_1733.png,17,2,9,0,0
1_1734.png,21,3,16,0,0
1_1735.png,17,0,11,0,0
1_1736.png,26,0,16,0,0
1_1737.png,38,0,1,0,0
1_1738.png,26,0,11,0,0
1_1739.png,6,2,12,0,0
1_174.png,0,1,3,0,2
1_1740.png,12,1,12,0,0
1_1741.png,12,1,12,0,0
1_1742.png,28,2,3,0,0
1_1743.png,45,0,2,0,0
1_1744.png,20,0,5,0,0
1_1745.png,31,0,9,0,0
1_1746.png,10,0,13,0,0
1_1747.png,18,1,7,0,0
1_1748.png,0,0,0,0,0
1_1749.png,0,0,0,0,0
1_175.png,0,0,7,0,30
1_1750.png,0,0,0,0,0
1_1751.png,0,0,0,0,0
1_1752.png,0,0,0,0,0
1_1753.png,0,0,0,0,0
1_1754.png,47,0,0,0,0
1_1755.png,38,0,0,7,0
1_1756.png,4,0,0,19,0
1_1757.png,0,3,4,16,0
1_1758.png,41,1,0,0,0
1_1759.png,35,1,0,0,0
1_176.png,0,0,2,0,28
1_1760.png,56,1,1,0,0
1_1761.png,58,2,0,0,0
1_1762.png,65,2,0,0,0
1_1763.png,63,1,4,0,0
1_1764.png,17,20,9,0,0
1_1765.png,0,2,36,0,0
1_1766.png,6,5,8,0,0
1_1767.png,0,5,50,0,0
1_1768.png,8,5,17,0,0
1_1769.png,39,0,0,0,0
1_177.png,0,2,8,0,18
1_1770.png,26,2,6,0,0
1_1771.png,17,2,4,0,0
1_1772.png,39,0,0,0,0
1_1773.png,8,0,19,0,0
1_1774.png,8,1,5,0,0
1_1775.png,0,3,4,0,0
1_1776.png,0,0,7,0,0
1_1777.png,0,0,16,0,0
1_1778.png,0,0,8,0,0
1_1779.png,0,3,21,0,0
1_178.png,0,1,2,1,36
1_1780.png,0,0,8,0,0
1_1781.png,0,3,18,0,0
1_1782.png,0,1,9,0,0
1_1783.png,0,1,10,0,0
1_1784.png,0,2,9,0,0
1_1785.png,0,2,17,0,0
1_1786.png,0,0,14,0,0
1_1787.png,41,3,1,0,0
1_1788.png,47,1,0,0,0
1_1789.png,9,4,6,0,0
1_179.png,0,2,2,0,56
1_1790.png,30,6,8,0,0
1_1791.png,32,1,0,0,0
1_1792.png,5,3,8,0,0
1_1793.png,37,3,5,0,0
1_1794.png,28,0,0,0,0
1_1795.png,49,2,0,0,0
1_1796.png,34,2,0,0,0
1_1797.png,45,2,0,0,0
1_1798.png,28,3,1,0,0
1_1799.png,27,2,2,0,0
1_18.png,4,1,2,0,0
1_180.png,2,2,5,0,0
1_1800.png,28,1,0,0,0
1_1801.png,24,2,1,0,0
1_1802.png,35,6,1,0,0
1_1803.png,25,3,2,0,0
1_1804.png,0,10,39,0,0
1_1805.png,0,0,33,0,0
1_1806.png,4,59,4,0,0
1_1807.png,0,15,33,0,0
1_1808.png,0,0,32,0,0
1_1809.png,17,12,1,0,0
1_181.png,1,0,8,0,0
1_1810.png,11,32,4,0,0
1_1811.png,18,9,2,0,0
1_1812.png,27,8,0,0,0
1_1813.png,26,22,3,0,0
1_1814.png,24,3,0,0,0
1_1815.png,40,0,0,0,0
1_1816.png,14,0,0,0,0
1_1817.png,34,0,0,0,0
1_1818.png,41,5,0,0,0
1_1819.png,20,3,0,0,0
1_182.png,1,0,2,0,0
1_1820.png,43,6,0,0,0
1_1821.png,34,0,0,0,0
1_1822.png,0,2,1,0,6
1_1823.png,0,3,6,0,17
1_1824.png,0,11,7,0,0
1_1825.png,0,11,2,0,0
1_1826.png,0,1,5,0,19
1_1827.png,0,2,3,0,23
1_1828.png,0,2,6,0,18
1_1829.png,0,3,12,0,8
1_183.png,0,0,14,0,0
1_1830.png,0,0,0,0,12
1_1831.png,0,4,9,0,11
1_1832.png,0,9,4,0,10
1_1833.png,0,9,7,0,11
1_1834.png,0,4,2,0,17
1_1835.png,0,0,4,0,15
1_1836.png,0,0,2,0,15
1_1837.png,0,3,6,0,8
1_1838.png,0,0,0,0,8
1_1839.png,0,1,0,0,3
1_184.png,0,2,17,0,26
1_1840.png,0,2,5,0,18
1_1841.png,0,0,0,0,21
1_1842.png,0,1,2,0,11
1_1843.png,0,4,7,0,10
1_1844.png,0,2,4,0,17
1_1845.png,0,5,2,0,8
1_1846.png,0,0,1,0,10
1_1847.png,0,0,0,0,2
1_1848.png,0,9,3,0,11
1_1849.png,0,0,0,0,11
1_185.png,0,6,2,0,34
1_1850.png,0,13,8,0,0
1_1851.png,1,3,11,0,4
1_1852.png,0,15,8,0,0
1_1853.png,0,18,10,0,0
1_1854.png,0,18,11,0,7
1_1855.png,0,0,0,0,9
1_1856.png,0,3,3,0,12
1_1857.png,0,7,10,0,8
1_1858.png,2,14,9,0,0
1_1859.png,0,0,0,0,0
1_186.png,0,0,3,0,47
1_1860.png,0,18,4,0,5
1_1861.png,0,3,9,0,17
1_1862.png,0,2,1,0,12
1_1863.png,0,6,7,0,16
1_1864.png,0,0,0,0,0
1_1865.png,0,3,4,0,4
1_1866.png,0,3,6,0,4
1_1867.png,0,5,3,0,1
1_1868.png,0,4,5,0,0
1_1869.png,0,3,1,0,0
1_187.png,0,0,9,0,40
1_1870.png,0,0,0,0,0
1_1871.png,0,0,2,0,4
1_1872.png,0,3,4,0,1
1_1873.png,0,0,0,0,8
1_1874.png,0,0,4,0,12
1_1875.png,0,0,2,0,7
1_1876.png,0,0,3,0,1
1_1877.png,0,1,4,0,3
1_1878.png,0,3,3,0,0
1_1879.png,0,1,6,0,7
1_188.png,0,2,2,0,42
1_1880.png,0,0,0,0,0
1_1881.png,0,0,8,0,3
1_1882.png,0,0,3,0,8
1_1883.png,0,2,3,0,0
1_1884.png,0,0,2,0,0
1_1885.png,0,0,0,0,6
1_1886.png,0,0,13,0,0
1_1887.png,0,0,5,0,6
1_1888.png,0,1,5,0,0
1_1889.png,0,1,1,0,0
1_189.png,0,1,13,0,36
1_1890.png,0,0,1,0,0
1_1891.png,0,1,4,0,0
1_1892.png,0,0,1,0,5
1_1893.png,0,0,2,0,11
1_1894.png,0,0,5,0,1
1_1895.png,0,0,10,0,0
1_1896.png,4,0,0,0,0
1_1897.png,0,0,0,0,7
1_1898.png,0,0,0,0,6
1_1899.png,0,1,4,0,11
1_19.png,2,3,8,0,0
1_190.png,0,2,4,0,28
1_1900.png,3,0,0,0,0
1_1901.png,1,0,0,0,7
1_1902.png,0,0,2,0,23
1_1903.png,0,1,4,0,8
1_1904.png,0,0,0,0,31
1_1905.png,0,1,6,0,15
1_1906.png,0,18,8,0,4
1_1907.png,0,4,2,0,18
1_1908.png,0,3,7,0,11
1_1909.png,0,0,0,0,2
1_191.png,0,1,4,0,18
1_1910.png,0,4,8,0,17
1_1911.png,0,0,0,0,8
1_1912.png,0,0,3,0,12
1_1913.png,0,0,0,0,8
1_1914.png,0,3,5,0,7
1_1915.png,0,2,4,0,20
1_1916.png,0,0,0,0,12
1_1917.png,0,0,3,0,19
1_1918.png,0,0,0,0,5
1_1919.png,0,4,4,0,7
1_192.png,0,0,0,0,45
1_1920.png,0,5,10,0,16
1_1921.png,0,2,13,0,13
1_1922.png,0,0,2,0,0
1_1923.png,0,0,0,0,0
1_1924.png,0,0,11,0,0
1_1925.png,0,0,9,0,0
1_1926.png,0,0,5,0,0
1_1927.png,0,1,14,0,0
1_1928.png,0,0,0,0,6
1_1929.png,0,1,5,0,10
1_193.png,0,0,0,0,23
1_1930.png,0,2,20,0,0
1_1931.png,0,4,28,0,0
1_1932.png,0,0,13,0,15
1_1933.png,0,0,0,0,5
1_1934.png,0,1,2,0,13
1_1935.png,0,3,26,0,3
1_1936.png,0,0,0,0,1
1_1937.png,0,2,19,0,0
1_1938.png,0,8,11,0,7
1_1939.png,0,0,0,0,0
1_194.png,2,0,2,0,0
1_1940.png,0,0,0,0,0
1_1941.png,0,0,0,0,4
1_1942.png,0,0,0,0,13
1_1943.png,0,7,9,0,14
1_1944.png,0,13,25,0,0
1_1945.png,0,0,0,0,0
1_1946.png,0,0,0,0,0
1_1947.png,0,4,1,0,25
1_1948.png,0,0,0,0,4
1_1949.png,0,0,0,0,7
1_195.png,11,0,1,0,0
1_1950.png,0,6,4,0,9
1_1951.png,0,0,0,0,8
1_1952.png,0,0,0,0,5
1_1953.png,0,3,5,0,14
1_1954.png,0,13,3,0,4
1_1955.png,0,7,5,0,11
1_1956.png,0,0,0,0,12
1_1957.png,0,0,0,0,4
1_1958.png,0,19,3,0,3
1_1959.png,0,1,0,0,8
1_196.png,6,0,6,0,0
1_1960.png,0,8,3,0,8
1_1961.png,0,20,2,0,5
1_1962.png,0,11,3,0,10
1_1963.png,0,8,2,0,7
1_1964.png,0,0,0,0,6
1_1965.png,0,1,0,0,7
1_1966.png,0,0,0,0,0
1_1967.png,0,0,0,0,0
1_1968.png,0,0,0,0,0
1_1969.png,0,0,0,0,0
1_197.png,23,0,5,0,0
1_1970.png,0,0,0,0,0
1_1971.png,0,0,0,0,0
1_1972.png,0,0,0,0,0
1_1973.png,0,0,0,0,0
1_1974.png,0,0,0,0,0
1_1975.png,0,0,0,0,0
1_1976.png,0,0,0,0,0
1_1977.png,0,0,0,0,0
1_1978.png,0,0,0,0,0
1_1979.png,0,0,0,0,0
1_198.png,8,1,3,0,1
1_1980.png,0,8,0,0,13
1_1981.png,0,22,1,0,9
1_1982.png,4,17,1,0,9
1_1983.png,0,19,2,0,6
1_1984.png,0,24,0,0,5
1_1985.png,0,1,0,0,17
1_1986.png,0,22,2,0,10
1_1987.png,0,8,0,0,13
1_1988.png,0,8,0,0,16
1_1989.png,0,11,2,0,5
1_199.png,4,0,7,0,0
1_1990.png,0,1,0,0,9
1_1991.png,0,24,1,0,3
1_1992.png,0,18,0,0,10
1_1993.png,0,27,3,0,4
1_1994.png,0,9,1,0,0
1_1995.png,0,9,0,0,12
1_1996.png,0,9,0,0,9
1_1997.png,0,1,0,0,13
1_1998.png,0,14,1,0,8
1_1999.png,0,7,6,0,5
1_2.png,8,0,3,0,0
1_20.png,10,0,0,0,0
1_200.png,0,2,3,0,22
1_2000.png,0,8,8,0,0
1_2001.png,0,0,1,0,12
1_2002.png,0,0,0,0,10
1_2003.png,0,7,14,0,0
1_2004.png,0,6,4,0,10
1_2005.png,0,13,8,0,0
1_2006.png,0,0,1,0,12
1_2007.png,0,0,0,0,0
1_2008.png,0,11,4,0,6
1_2009.png,0,0,0,0,0
1_201.png,0,0,5,0,51
1_2010.png,0,2,3,0,7
1_2011.png,0,0,1,0,7
1_2012.png,0,5,9,0,5
1_2013.png,0,2,4,0,4
1_2014.png,0,0,0,0,14
1_2015.png,0,0,0,0,7
1_2016.png,0,11,7,0,0
1_2017.png,0,3,6,0,5
1_2018.png,0,0,0,0,15
1_2019.png,0,0,0,0,0
1_202.png,0,3,12,0,12
1_2020.png,0,0,0,0,0
1_2021.png,0,1,7,0,0
1_2022.png,0,0,0,0,0
1_2023.png,0,2,19,0,0
1_2024.png,0,0,18,0,0
1_2025.png,0,0,10,0,0
1_2026.png,0,2,30,0,0
1_2027.png,0,0,8,0,0
1_2028.png,0,0,17,0,0
1_2029.png,0,0,14,0,0
1_203.png,0,6,7,0,0
1_2030.png,0,0,17,0,0
1_2031.png,0,2,19,0,0
1_2032.png,0,7,28,0,0
1_2033.png,0,2,14,0,0
1_2034.png,0,0,15,0,0
1_2035.png,0,0,12,0,0
1_2036.png,0,0,17,0,0
1_2037.png,0,0,20,0,0
1_2038.png,0,3,12,0,0
1_2039.png,0,1,13,0,0
1_204.png,0,2,8,0,38
1_2040.png,0,1,9,0,0
1_2041.png,0,6,20,0,0
1_2042.png,0,3,18,0,0
1_2043.png,0,0,15,0,5
1_2044.png,0,0,7,0,9
1_2045.png,0,0,1,0,11
1_2046.png,0,0,5,0,12
1_2047.png,0,0,9,0,12
1_2048.png,0,3,0,0,1
1_2049.png,0,0,6,0,10
1_205.png,0,0,2,0,42
1_2050.png,0,0,14,0,12
1_2051.png,0,0,13,0,4
1_2052.png,0,0,4,0,18
1_2053.png,0,1,14,0,6
1_2054.png,0,0,8,0,11
1_2055.png,0,0,17,0,10
1_2056.png,0,0,8,0,23
1_2057.png,19,0,0,1,0
1_2058.png,12,0,0,18,0
1_2059.png,11,1,0,4,0
1_206.png,0,1,6,0,30
1_2060.png,14,0,8,0,0
1_2061.png,28,0,0,0,0
1_2062.png,20,1,0,0,0
1_2063.png,33,2,0,0,0
1_2064.png,48,0,0,0,0
1_2065.png,39,3,0,0,0
1_2066.png,0,0,10,0,0
1_2067.png,39,9,1,0,0
1_2068.png,28,11,4,0,0
1_2069.png,16,4,0,0,0
1_207.png,0,0,2,0,30
1_2070.png,19,0,4,0,0
1_2071.png,15,0,4,1,0
1_2072.png,23,0,1,0,0
1_2073.png,15,1,1,0,0
1_2074.png,8,0,15,0,0
1_2075.png,9,1,7,0,0
1_2076.png,22,1,3,8,0
1_2077.png,10,1,10,0,0
1_2078.png,20,0,1,2,0
1_2079.png,0,2,17,0,0
1_208.png,0,1,8,0,21
1_2080.png,0,0,22,0,0
1_2081.png,0,3,19,0,0
1_2082.png,0,3,13,0,0
1_2083.png,0,0,18,0,0
1_2084.png,0,4,28,0,0
1_2085.png,0,4,33,0,0
1_2086.png,21,0,1,0,0
1_2087.png,13,0,10,0,0
1_2088.png,0,8,20,1,0
1_2089.png,1,2,14,0,0
1_209.png,0,4,8,0,15
1_2090.png,0,5,16,0,0
1_2091.png,0,0,19,0,0
1_2092.png,0,0,24,0,0
1_2093.png,0,0,20,0,0
1_2094.png,0,0,25,0,0
1_2095.png,0,0,26,0,0
1_2096.png,0,0,20,0,0
1_2097.png,0,0,22,0,0
1_2098.png,0,0,0,0,0
1_2099.png,13,0,6,0,0
1_21.png,9,0,2,0,0
1_210.png,0,2,3,0,36
1_2100.png,22,1,5,0,0
1_2101.png,21,1,1,0,0
1_2102.png,18,0,2,0,0
1_2103.png,0,0,11,0,0
1_2104.png,9,0,6,0,0
1_2105.png,5,2,17,0,0
1_2106.png,0,10,22,0,0
1_2107.png,4,4,11,0,0
1_2108.png,0,0,0,0,0
1_2109.png,0,0,0,0,0
1_211.png,0,3,14,0,2
1_2110.png,0,0,0,0,0
1_2111.png,0,0,0,0,0
1_2112.png,15,0,0,0,0
1_2113.png,18,0,0,0,0
1_2114.png,2,0,5,0,0
1_2115.png,0,0,0,0,0
1_2116.png,3,1,9,0,0
1_2117.png,9,0,2,0,0
1_2118.png,0,91,3,0,0
1_2119.png,0,83,5,0,0
1_212.png,0,0,5,0,46
1_2120.png,0,91,3,0,0
1_2121.png,0,90,2,0,0
1_2122.png,18,3,4,0,0
1_2123.png,17,4,3,0,0
1_2124.png,25,2,0,0,0
1_2125.png,0,4,7,0,0
1_2126.png,0,1,8,0,0
1_2127.png,0,0,0,0,8
1_2128.png,0,0,0,0,15
1_2129.png,0,0,0,0,13
1_213.png,0,3,10,0,32
1_2130.png,0,0,0,0,16
1_2131.png,0,0,0,0,0
1_2132.png,0,0,0,0,0
1_2133.png,0,0,0,0,0
1_2134.png,0,0,0,0,0
1_2135.png,0,0,0,0,0
1_2136.png,0,0,5,0,0
1_2137.png,0,0,0,0,0
1_2138.png,0,0,13,0,0
1_2139.png,0,0,25,0,0
1_214.png,0,2,11,0,29
1_2140.png,0,0,21,0,0
1_2141.png,0,0,16,0,0
1_2142.png,0,0,15,0,0
1_2143.png,0,0,18,0,0
1_2144.png,0,0,18,0,0
1_2145.png,0,0,18,0,0
1_2146.png,0,0,8,0,3
1_2147.png,0,0,1,0,4
1_2148.png,0,0,8,0,4
1_2149.png,0,0,8,0,2
1_215.png,0,3,13,0,22
1_2150.png,0,0,13,0,0
1_2151.png,0,1,10,0,0
1_2152.png,0,2,14,0,0
1_2153.png,49,0,0,0,0
1_2154.png,38,0,0,0,0
1_2155.png,0,27,16,0,0
1_2156.png,1,5,6,0,0
1_2157.png,0,6,7,0,0
1_2158.png,0,4,5,0,0
1_2159.png,19,0,0,0,0
1_216.png,0,0,5,0,16
1_2160.png,31,0,2,0,0
1_2161.png,4,5,0,8,0
1_2162.png,29,3,0,0,0
1_2163.png,0,0,0,0,0
1_2164.png,0,0,0,0,0
1_2165.png,0,0,0,0,0
1_2166.png,39,0,2,0,0
1_2167.png,38,2,0,0,0
1_2168.png,2,0,6,0,0
1_2169.png,24,0,0,0,0
1_217.png,0,0,7,0,23
1_2170.png,9,0,1,0,0
1_2171.png,16,0,8,0,0
1_2172.png,21,0,3,0,0
1_2173.png,25,0,0,0,0
1_2174.png,0,0,0,0,0
1_2175.png,0,1,0,0,0
1_2176.png,0,0,0,0,0
1_2177.png,0,0,9,0,0
1_2178.png,0,1,11,0,0
1_2179.png,0,0,11,0,0
1_218.png,0,1,11,0,15
1_2180.png,0,0,11,0,0
1_2181.png,0,0,9,0,0
1_2182.png,22,2,7,0,0
1_2183.png,19,0,2,0,0
1_2184.png,15,4,3,0,0
1_2185.png,0,0,7,0,9
1_2186.png,0,0,3,0,11
1_2187.png,0,0,6,0,7
1_2188.png,0,0,8,0,13
1_2189.png,22,0,0,0,0
1_219.png,0,11,5,0,22
1_2190.png,15,2,0,0,0
1_2191.png,8,0,0,0,0
1_2192.png,15,4,6,0,0
1_2193.png,1,7,28,0,0
1_2194.png,9,0,0,0,0
1_2195.png,6,1,1,0,0
1_2196.png,8,0,4,0,0
1_2197.png,14,0,1,0,0
1_2198.png,13,0,3,0,0
1_2199.png,13,0,1,0,0
1_22.png,8,0,0,0,0
1_220.png,0,0,0,0,36
1_2200.png,0,9,7,0,0
1_2201.png,0,3,12,0,0
1_2202.png,0,0,0,0,0
1_2203.png,17,4,1,0,0
1_2204.png,8,3,0,0,0
1_2205.png,16,2,1,0,0
1_2206.png,14,3,5,0,0
1_2207.png,0,5,36,0,0
1_2208.png,16,2,0,0,0
1_2209.png,0,0,3,0,68
1_221.png,0,0,7,0,25
1_2210.png,0,3,2,0,60
1_2211.png,0,3,1,0,59
1_2212.png,0,1,3,0,57
1_2213.png,0,0,0,0,10
1_2214.png,0,0,2,0,12
1_2215.png,0,0,8,0,13
1_2216.png,0,0,3,0,12
1_2217.png,0,0,1,0,17
1_2218.png,0,0,1,0,14
1_2219.png,17,1,1,0,0
1_222.png,0,0,4,0,32
1_2220.png,29,1,2,0,0
1_2221.png,23,0,0,0,0
1_2222.png,18,2,2,0,0
1_2223.png,20,0,3,0,0
1_2224.png,8,3,2,0,0
1_2225.png,24,0,0,0,0
1_2226.png,30,0,0,0,0
1_2227.png,0,2,15,0,0
1_2228.png,0,0,12,0,0
1_2229.png,0,1,12,0,0
1_223.png,0,0,2,0,51
1_2230.png,0,0,14,0,0
1_2231.png,23,1,0,0,0
1_2232.png,19,5,2,0,0
1_2233.png,25,0,0,0,0
1_2234.png,17,4,10,0,0
1_2235.png,18,0,0,0,0
1_2236.png,13,1,12,0,0
1_2237.png,0,0,27,0,0
1_2238.png,11,1,8,0,0
1_2239.png,3,0,13,0,0
1_224.png,0,2,1,0,35
1_2240.png,14,0,2,0,0
1_2241.png,3,0,13,0,0
1_2242.png,0,2,0,0,12
1_2243.png,0,0,0,0,11
1_2244.png,0,2,0,0,23
1_2245.png,0,0,15,0,0
1_2246.png,0,2,17,0,0
1_2247.png,12,3,9,0,0
1_2248.png,3,4,13,0,0
1_2249.png,20,1,1,0,0
1_225.png,0,1,4,0,20
1_2250.png,22,0,6,0,0
1_2251.png,14,2,4,0,0
1_2252.png,15,1,2,0,0
1_2253.png,18,0,0,0,0
1_2254.png,20,2,0,0,0
1_2255.png,23,2,1,0,0
1_2256.png,14,0,4,0,0
1_2257.png,19,2,5,0,0
1_2258.png,28,0,0,0,0
1_2259.png,24,1,1,0,0
1_226.png,0,0,7,0,8
1_2260.png,28,0,0,0,0
1_2261.png,18,3,2,0,0
1_2262.png,13,2,2,0,0
1_2263.png,0,0,0,0,0
1_2264.png,0,0,0,0,0
1_2265.png,0,0,0,0,0
1_2266.png,3,1,1,0,0
1_2267.png,0,0,0,0,0
1_2268.png,0,10,8,0,0
1_2269.png,0,3,11,0,0
1_227.png,0,1,5,0,37
1_2270.png,0,2,16,0,0
1_2271.png,0,5,14,0,0
1_2272.png,0,2,6,0,0
1_2273.png,0,0,42,0,0
1_2274.png,0,1,34,0,0
1_2275.png,0,1,39,0,0
1_2276.png,0,0,42,0,0
1_2277.png,0,0,37,0,33
1_2278.png,0,1,5,0,22
1_2279.png,0,1,4,0,11
1_228.png,0,2,7,0,31
1_2280.png,0,0,5,0,13
1_2281.png,0,4,32,0,1
1_2282.png,0,1,9,0,35
1_2283.png,0,1,40,0,4
1_2284.png,29,0,0,0,0
1_2285.png,6,1,0,0,0
1_2286.png,16,0,0,0,0
1_2287.png,8,1,6,0,0
1_2288.png,29,1,0,0,0
1_2289.png,22,0,4,0,0
1_229.png,0,2,10,0,26
1_2290.png,20,1,5,0,0
1_2291.png,1,1,15,0,0
1_2292.png,6,3,7,0,0
1_2293.png,12,4,16,0,0
1_2294.png,11,4,12,0,0
1_2295.png,23,5,6,0,0
1_2296.png,21,11,10,0,0
1_2297.png,20,20,7,0,0
1_2298.png,12,6,15,0,0
1_2299.png,21,5,7,0,0
1_23.png,7,0,5,0,0
1_230.png,0,1,8,0,32
1_2300.png,2,6,8,0,0
1_2301.png,16,0,0,0,0
1_2302.png,22,0,2,0,0
1_2303.png,19,0,0,0,0
1_2304.png,29,0,0,0,0
1_2305.png,29,0,0,0,0
1_2306.png,30,1,0,0,0
1_2307.png,25,2,0,0,0
1_2308.png,32,0,0,0,0
1_2309.png,40,0,0,0,0
1_231.png,0,1,11,0,11
1_2310.png,32,0,0,0,0
1_2311.png,30,0,0,0,0
1_2312.png,34,0,0,0,0
1_2313.png,0,4,7,0,8
1_2314.png,0,3,1,0,0
1_2315.png,0,0,5,0,12
1_2316.png,0,4,6,0,10
1_2317.png,0,0,8,0,9
1_2318.png,0,2,4,0,19
1_2319.png,6,0,0,0,0
1_232.png,0,2,4,0,27
1_2320.png,2,0,2,0,0
1_2321.png,9,0,1,0,0
1_2322.png,3,1,10,0,0
1_2323.png,0,0,14,0,0
1_2324.png,0,2,11,0,0
1_2325.png,8,1,20,0,0
1_2326.png,10,7,18,0,0
1_2327.png,23,0,3,0,0
1_2328.png,30,0,5,0,0
1_2329.png,9,0,21,0,0
1_233.png,0,0,0,0,37
1_2330.png,29,0,0,0,0
1_2331.png,2,1,21,0,0
1_2332.png,0,3,22,0,0
1_2333.png,0,12,22,0,0
1_2334.png,0,5,35,0,0
1_2335.png,0,1,31,0,0
1_2336.png,0,5,20,0,0
1_2337.png,0,13,18,0,0
1_2338.png,0,8,14,0,0
1_2339.png,0,5,5,0,27
1_234.png,1,0,3,0,0
1_2340.png,0,10,15,0,31
1_2341.png,0,1,3,0,0
1_2342.png,0,3,8,0,0
1_2343.png,0,1,6,0,0
1_2344.png,0,0,15,0,0
1_2345.png,0,2,10,0,0
1_2346.png,0,1,7,0,0
1_2347.png,0,0,14,0,0
1_2348.png,0,0,14,0,0
1_2349.png,0,0,9,0,0
1_235.png,9,0,3,0,0
1_2350.png,0,0,17,0,0
1_2351.png,0,0,13,0,0
1_2352.png,0,0,10,0,0
1_2353.png,0,0,6,0,0
1_2354.png,0,3,14,0,0
1_2355.png,0,4,6,0,0
1_2356.png,0,3,19,0,0
1_2357.png,6,1,19,0,0
1_2358.png,17,0,0,0,0
1_2359.png,16,0,2,0,0
1_236.png,0,0,4,0,0
1_2360.png,0,0,5,0,35
1_2361.png,0,0,22,0,12
1_2362.png,0,0,9,0,26
1_2363.png,0,0,3,0,11
1_2364.png,0,0,14,0,22
1_2365.png,10,0,1,0,0
1_2366.png,15,0,1,0,0
1_2367.png,15,0,3,0,0
1_2368.png,12,0,2,0,0
1_2369.png,9,0,3,0,0
1_237.png,5,0,1,0,0
1_2370.png,5,0,2,0,0
1_2371.png,16,0,1,0,0
1_2372.png,28,1,4,0,4
1_2373.png,0,0,22,0,0
1_2374.png,25,0,7,0,7
1_2375.png,0,0,13,0,7
1_2376.png,0,0,13,0,0
1_2377.png,0,0,9,0,0
1_2378.png,0,0,12,0,0
1_2379.png,0,3,18,0,0
1_238.png,16,1,1,0,0
1_2380.png,0,0,7,0,0
1_2381.png,0,0,11,0,0
1_2382.png,0,1,11,0,0
1_2383.png,1,0,5,0,0
1_2384.png,48,0,0,0,0
1_2385.png,11,0,10,0,0
1_2386.png,18,0,13,0,0
1_2387.png,41,0,0,0,0
1_2388.png,44,0,0,0,0
1_2389.png,45,0,0,0,0
1_239.png,0,0,4,0,0
1_2390.png,37,0,0,0,0
1_2391.png,18,0,6,0,0
1_2392.png,23,0,3,0,0
1_2393.png,0,0,3,0,0
1_2394.png,0,0,2,0,0
1_2395.png,0,0,5,0,0
1_2396.png,0,0,5,0,0
1_2397.png,0,0,4,0,0
1_2398.png,0,0,4,0,0
1_2399.png,0,0,10,0,0
1_24.png,10,0,0,0,0
1_240.png,0,5,7,0,23
1_2400.png,16,0,11,0,0
1_2401.png,7,0,15,0,0
1_2402.png,15,0,9,0,0
1_2403.png,11,0,12,0,0
1_2404.png,5,2,0,0,0
1_2405.png,6,1,0,0,0
1_2406.png,0,0,0,0,0
1_2407.png,0,0,0,0,0
1_2408.png,1,0,0,0,0
1_2409.png,13,0,2,0,0
1_241.png,0,7,11,0,9
1_2410.png,23,0,0,0,0
1_2411.png,14,0,5,0,0
1_2412.png,6,1,13,0,0
1_2413.png,25,21,0,0,0
1_2414.png,38,58,0,0,0
1_2415.png,20,33,0,0,0
1_2416.png,31,11,0,0,0
1_2417.png,0,3,14,0,0
1_2418.png,0,1,18,0,0
1_2419.png,0,6,4,0,0
1_242.png,0,10,8,0,20
1_2420.png,0,3,4,0,0
1_2421.png,55,0,4,0,0
1_2422.png,68,1,1,0,0
1_2423.png,80,2,11,0,0
1_2424.png,71,1,1,0,0
1_2425.png,62,1,5,0,0
1_2426.png,53,0,5,0,0
1_2427.png,62,1,1,0,0
1_2428.png,0,0,6,0,1
1_2429.png,0,0,1,0,0
1_243.png,0,11,8,0,13
1_2430.png,0,3,0,0,28
1_2431.png,0,1,3,0,3
1_2432.png,0,2,10,0,0
1_2433.png,0,1,3,0,0
1_2434.png,0,25,29,0,0
1_2435.png,0,92,27,0,0
1_2436.png,0,89,31,0,0
1_2437.png,0,85,22,0,0
1_2438.png,0,59,24,0,0
1_2439.png,0,91,32,0,0
1_244.png,0,9,12,0,0
1_2440.png,0,109,14,0,0
1_2441.png,16,0,0,0,0
1_2442.png,19,0,0,0,0
1_2443.png,14,0,0,0,0
1_2444.png,19,1,0,0,0
1_2445.png,5,5,0,0,0
1_2446.png,36,1,0,0,0
1_2447.png,28,0,7,0,0
1_2448.png,22,0,15,0,0
1_2449.png,36,1,1,0,0
1_245.png,0,1,6,0,17
1_2450.png,9,3,0,0,0
1_2451.png,14,2,5,0,0
1_2452.png,17,6,0,0,0
1_2453.png,14,2,0,0,0
1_2454.png,29,1,3,0,0
1_2455.png,21,6,2,0,0
1_2456.png,27,8,3,0,0
1_2457.png,18,4,7,0,0
1_2458.png,28,2,2,0,0
1_2459.png,17,10,1,0,0
1_246.png,0,7,6,0,21
1_2460.png,25,14,0,0,0
1_2461.png,0,0,3,0,0
1_2462.png,0,0,0,0,0
1_2463.png,0,0,0,0,0
1_2464.png,0,0,0,0,0
1_2465.png,0,0,0,0,0
1_2466.png,0,0,11,0,0
1_2467.png,0,0,14,0,0
1_2468.png,0,1,10,0,0
1_2469.png,0,0,20,0,0
1_247.png,0,1,3,0,36
1_2470.png,0,0,17,0,0
1_2471.png,32,1,6,3,0
1_2472.png,25,2,4,36,0
1_2473.png,40,1,2,5,0
1_2474.png,11,2,12,5,0
1_2475.png,27,5,1,0,0
1_2476.png,38,3,0,1,0
1_2477.png,17,12,14,1,0
1_2478.png,36,7,2,1,0
1_2479.png,26,12,1,1,0
1_248.png,0,3,5,0,41
1_2480.png,39,3,5,0,0
1_2481.png,21,8,5,1,0
1_2482.png,19,5,11,3,0
1_2483.png,33,0,0,1,0
1_2484.png,26,10,6,5,0
1_2485.png,21,3,9,1,0
1_2486.png,16,5,6,0,0
1_2487.png,0,1,18,0,0
1_2488.png,0,0,7,0,0
1_2489.png,4,0,3,0,0
1_249.png,0,0,3,0,46
1_2490.png,0,0,16,0,0
1_2491.png,1,4,7,0,0
1_2492.png,1,0,12,0,0
1_2493.png,0,1,20,0,0
1_2494.png,26,0,2,0,0
1_2495.png,25,7,10,1,0
1_2496.png,22,6,4,0,0
1_2497.png,0,0,8,0,0
1_2498.png,1,0,12,0,0
1_2499.png,0,0,8,0,0
1_25.png,13,0,1,0,0
1_250.png,0,6,20,0,20
1_2500.png,10,0,2,0,0
1_2501.png,3,0,10,0,0
1_2502.png,8,0,9,0,0
1_2503.png,8,0,5,0,0
1_2504.png,8,26,6,0,0
1_2505.png,18,8,5,1,0
1_2506.png,20,8,0,0,0
1_2507.png,23,7,3,1,0
1_2508.png,13,3,1,1,0
1_2509.png,17,20,8,0,0
1_251.png,0,11,3,0,27
1_2510.png,3,9,17,0,0
1_2511.png,11,13,12,1,0
1_2512.png,0,2,1,0,0
1_2513.png,0,2,1,0,0
1_2514.png,0,2,0,0,0
1_2515.png,0,0,0,0,0
1_2516.png,0,1,2,0,0
1_2517.png,0,1,12,0,0
1_2518.png,3,0,0,0,0
1_2519.png,13,1,0,0,0
1_252.png,0,19,4,0,28
1_2520.png,0,0,8,0,0
1_2521.png,17,1,0,0,0
1_2522.png,18,0,0,0,0
1_2523.png,22,2,1,0,0
1_2524.png,13,2,3,0,0
1_2525.png,9,81,0,0,0
1_2526.png,9,70,10,0,0
1_2527.png,5,30,6,0,0
1_2528.png,14,54,7,0,0
1_2529.png,12,29,7,0,0
1_253.png,0,5,10,0,33
1_2530.png,16,39,4,0,0
1_2531.png,23,1,0,0,0
1_2532.png,19,0,1,0,0
1_2533.png,20,1,0,0,0
1_2534.png,19,2,5,0,0
1_2535.png,19,1,0,0,0
1_2536.png,20,0,0,0,0
1_2537.png,0,3,4,0,14
1_2538.png,0,1,2,0,13
1_2539.png,0,1,5,2,11
1_254.png,0,10,6,0,27
1_2540.png,0,1,0,0,5
1_2541.png,0,2,1,0,14
1_2542.png,0,0,2,0,13
1_2543.png,0,1,0,0,11
1_2544.png,0,0,0,0,24
1_2545.png,0,0,2,0,24
1_2546.png,0,0,0,0,21
1_2547.png,0,0,1,0,16
1_2548.png,0,0,8,0,4
1_2549.png,0,0,0,0,8
1_255.png,0,16,6,0,24
1_2550.png,0,0,0,0,0
1_2551.png,0,0,0,0,0
1_2552.png,0,0,0,0,0
1_2553.png,0,0,4,0,22
1_2554.png,0,0,1,0,20
1_2555.png,0,1,1,0,30
1_2556.png,0,2,2,0,24
1_2557.png,0,0,2,0,34
1_2558.png,0,0,1,0,18
1_2559.png,0,1,4,0,22
1_256.png,0,1,6,0,0
1_2560.png,0,1,5,0,34
1_2561.png,0,0,4,0,14
1_2562.png,0,14,2,0,24
1_2563.png,13,0,1,0,0
1_2564.png,43,0,4,0,0
1_2565.png,36,1,6,0,0
1_2566.png,6,4,11,0,0
1_2567.png,8,6,17,0,0
1_2568.png,3,10,21,0,0
1_2569.png,9,10,13,0,0
1_257.png,0,0,15,0,0
1_2570.png,9,6,12,0,0
1_2571.png,9,9,20,0,0
1_2572.png,0,6,14,0,28
1_2573.png,0,0,1,0,28
1_2574.png,0,1,3,0,21
1_2575.png,0,5,9,0,20
1_2576.png,0,0,2,0,14
1_2577.png,0,1,10,0,29
1_2578.png,0,0,17,0,0
1_2579.png,0,0,23,0,0
1_258.png,0,0,4,0,27
1_2580.png,0,1,7,0,0
1_2581.png,30,0,1,0,0
1_2582.png,1,1,3,0,0
1_2583.png,0,0,30,0,0
1_2584.png,24,2,9,0,0
1_2585.png,35,0,0,0,0
1_2586.png,0,0,29,0,0
1_2587.png,0,1,25,1,0
1_2588.png,0,0,19,0,0
1_2589.png,61,1,2,2,0
1_259.png,0,1,5,0,19
1_2590.png,41,0,0,0,0
1_2591.png,22,1,0,0,0
1_2592.png,0,12,18,0,38
1_2593.png,0,7,27,0,32
1_2594.png,0,34,36,0,23
1_2595.png,0,0,8,0,0
1_2596.png,0,0,8,0,0
1_2597.png,0,0,4,0,0
1_2598.png,0,5,9,0,0
1_2599.png,56,0,4,0,0
1_26.png,4,0,7,0,0
1_260.png,0,0,6,0,22
1_2600.png,0,1,18,0,0
1_2601.png,15,2,0,0,0
1_2602.png,46,2,7,0,0
1_2603.png,55,0,2,0,0
1_2604.png,0,0,17,0,0
1_2605.png,0,4,21,0,0
1_2606.png,0,0,23,0,0
1_2607.png,0,0,10,0,0
1_2608.png,41,4,2,0,0
1_2609.png,0,138,28,0,0
1_261.png,19,1,0,0,0
1_2610.png,0,150,18,0,0
1_2611.png,0,145,20,0,0
1_2612.png,0,145,21,0,0
1_2613.png,53,0,3,16,0
1_2614.png,37,4,0,0,0
1_2615.png,0,8,49,0,0
1_2616.png,0,6,48,0,0
1_2617.png,59,3,15,0,0
1_2618.png,28,4,36,0,0
1_2619.png,0,1,0,0,42
1_262.png,18,0,0,0,0
1_2620.png,0,6,8,0,33
1_2621.png,0,0,1,0,32
1_2622.png,0,3,3,0,34
1_2623.png,0,0,23,0,0
1_2624.png,7,3,50,0,0
1_2625.png,1,1,51,0,0
1_2626.png,0,0,0,0,0
1_2627.png,0,4,6,0,0
1_2628.png,0,0,1,0,0
1_2629.png,0,12,10,0,0
1_263.png,16,0,1,0,0
1_2630.png,0,0,14,0,0
1_2631.png,0,0,1,0,0
1_2632.png,0,2,8,0,0
1_2633.png,22,1,32,0,0
1_2634.png,13,10,42,0,0
1_2635.png,34,2,13,0,0
1_2636.png,0,0,0,0,0
1_2637.png,0,0,2,0,0
1_2638.png,0,0,15,0,0
1_2639.png,0,0,0,0,0
1_264.png,15,0,1,0,0
1_2640.png,0,0,0,0,0
1_2641.png,0,0,3,0,0
1_2642.png,0,29,46,0,11
1_2643.png,0,15,14,0,30
1_2644.png,52,1,0,0,0
1_2645.png,36,0,10,0,0
1_2646.png,47,0,0,10,0
1_2647.png,41,0,5,0,0
1_2648.png,40,0,0,14,0
1_2649.png,19,22,36,0,0
1_265.png,17,0,3,0,0
1_2650.png,27,25,20,0,0
1_2651.png,61,6,11,0,0
1_2652.png,10,24,56,0,0
1_2653.png,0,19,15,0,0
1_2654.png,0,5,22,0,0
1_2655.png,0,10,30,0,0
1_266.png,20,0,0,0,0
1_267.png,19,0,0,0,0
1_268.png,20,0,0,0,0
1_269.png,11,9,5,0,0
1_27.png,4,0,7,0,0
1_270.png,17,7,1,0,0
1_271.png,0,14,21,0,0
1_272.png,2,29,14,0,0
1_273.png,23,0,1,0,0
1_274.png,16,0,1,0,0
1_275.png,6,7,1,0,0
1_276.png,19,0,0,0,0
1_277.png,23,0,0,0,0
1_278.png,16,0,3,0,0
1_279.png,0,4,6,0,4
1_28.png,6,0,10,0,0
1_280.png,0,1,13,0,13
1_281.png,0,2,12,0,25
1_282.png,0,5,13,0,7
1_283.png,12,0,7,0,0
1_284.png,11,2,7,0,0
1_285.png,20,5,3,0,0
1_286.png,5,13,16,0,0
1_287.png,5,12,11,0,0
1_288.png,0,22,8,0,0
1_289.png,0,23,5,0,0
1_29.png,7,0,6,0,0
1_290.png,2,28,14,0,0
1_291.png,0,30,8,0,0
1_292.png,1,15,7,0,0
1_293.png,0,7,9,0,0
1_294.png,0,12,9,0,0
1_295.png,0,45,6,0,0
1_296.png,26,4,2,0,0
1_297.png,0,1,14,0,0
1_298.png,11,2,9,0,0
1_299.png,1,1,10,0,0
1_3.png,10,0,0,0,0
1_30.png,12,0,0,0,0
1_300.png,3,1,8,0,0
1_301.png,9,2,6,0,0
1_302.png,10,1,1,0,0
1_303.png,3,0,10,0,0
1_304.png,0,2,9,0,0
1_305.png,0,1,10,0,0
1_306.png,6,0,7,0,0
1_307.png,10,0,4,0,0
1_308.png,11,0,8,0,0
1_309.png,22,0,4,0,0
1_31.png,0,7,16,0,0
1_310.png,1,5,8,0,0
1_311.png,0,1,7,0,15
1_312.png,0,1,14,0,10
1_313.png,0,1,14,0,9
1_314.png,0,0,11,0,8
1_315.png,0,2,10,0,18
1_316.png,0,0,5,0,34
1_317.png,0,0,15,0,14
1_318.png,0,1,1,0,28
1_319.png,0,1,3,0,20
1_32.png,1,3,8,0,0
1_320.png,0,5,0,0,31
1_321.png,0,6,2,0,17
1_322.png,16,0,0,0,0
1_323.png,7,3,1,0,0
1_324.png,19,3,4,0,0
1_325.png,18,4,1,0,0
1_326.png,15,11,2,0,0
1_327.png,27,3,1,0,0
1_328.png,24,0,0,0,0
1_329.png,38,0,0,0,0
1_33.png,11,0,1,0,0
1_330.png,30,0,0,0,0
1_331.png,26,2,3,0,0
1_332.png,24,3,1,0,0
1_333.png,28,0,5,0,0
1_334.png,28,1,2,0,0
1_335.png,0,24,17,0,0
1_336.png,12,12,10,0,0
1_337.png,4,0,1,0,0
1_338.png,2,0,0,0,0
1_339.png,9,0,1,0,0
1_34.png,2,8,9,0,0
1_340.png,7,0,0,0,0
1_341.png,8,0,0,0,0
1_342.png,0,2,11,0,0
1_343.png,0,6,10,0,0
1_344.png,0,6,5,0,0
1_345.png,0,4,12,0,0
1_346.png,2,0,5,0,0
1_347.png,7,1,3,0,0
1_348.png,5,2,2,0,0
1_349.png,7,0,2,0,0
1_35.png,6,2,3,0,0
1_350.png,23,0,0,0,0
1_351.png,22,0,0,0,0
1_352.png,33,0,0,0,0
1_353.png,33,0,0,0,0
1_354.png,33,0,0,0,0
1_355.png,26,0,0,0,0
1_356.png,3,4,7,0,0
1_357.png,1,0,8,0,0
1_358.png,18,0,2,0,0
1_359.png,1,0,3,0,0
1_36.png,8,0,5,0,0
1_360.png,12,2,4,0,0
1_361.png,8,0,0,0,0
1_362.png,6,1,5,0,0
1_363.png,12,0,1,0,0
1_364.png,12,0,1,0,0
1_365.png,5,0,9,0,0
1_366.png,11,0,4,0,0
1_367.png,19,0,2,0,0
1_368.png,17,0,4,0,0
1_369.png,18,0,1,0,0
1_37.png,2,1,8,0,0
1_370.png,12,0,2,0,0
1_371.png,12,0,0,0,0
1_372.png,7,0,5,0,0
1_373.png,14,0,0,0,0
1_374.png,24,0,0,0,0
1_375.png,11,0,1,0,0
1_376.png,9,1,3,0,0
1_377.png,14,0,2,0,0
1_378.png,11,0,0,0,0
1_379.png,9,0,2,0,0
1_38.png,0,1,6,0,0
1_380.png,11,0,1,0,0
1_381.png,11,0,2,0,0
1_382.png,12,0,0,0,0
1_383.png,12,1,5,0,0
1_384.png,21,1,7,0,0
1_385.png,18,10,6,0,0
1_386.png,18,7,15,0,0
1_387.png,9,1,2,0,0
1_388.png,27,1,0,0,0
1_389.png,5,10,7,0,0
1_39.png,10,0,4,0,0
1_390.png,18,3,0,0,0
1_391.png,9,3,3,0,0
1_392.png,5,10,0,0,0
1_393.png,2,7,9,0,0
1_394.png,9,1,3,0,0
1_395.png,0,6,10,0,0
1_396.png,0,4,4,0,0
1_397.png,0,8,11,0,0
1_398.png,10,2,2,0,0
1_399.png,5,14,2,0,0
1_4.png,3,2,2,0,0
1_40.png,3,1,8,0,0
1_400.png,15,2,1,0,0
1_401.png,7,6,5,0,0
1_402.png,2,3,7,0,0
1_403.png,0,12,9,0,0
1_404.png,9,0,0,0,0
1_405.png,11,0,2,0,0
1_406.png,13,1,1,0,0
1_407.png,4,2,2,0,0
1_408.png,7,2,9,0,0
1_409.png,8,0,7,0,0
1_41.png,0,1,8,0,0
1_410.png,14,1,2,0,0
1_411.png,9,0,12,0,0
1_412.png,0,1,7,0,0
1_413.png,2,1,12,0,0
1_414.png,24,0,2,0,0
1_415.png,15,0,2,0,0
1_416.png,17,1,3,0,0
1_417.png,11,1,1,0,0
1_418.png,0,0,3,0,0
1_419.png,10,3,1,0,1
1_42.png,9,0,5,0,0
1_420.png,16,1,4,0,0
1_421.png,19,0,2,0,0
1_422.png,20,0,1,0,0
1_423.png,6,0,5,0,0
1_424.png,24,0,0,0,0
1_425.png,19,2,0,0,0
1_426.png,17,0,1,0,0
1_427.png,25,2,1,0,0
1_428.png,14,7,8,0,0
1_429.png,16,0,9,0,0
1_43.png,2,0,9,0,0
1_430.png,27,3,4,0,0
1_431.png,10,2,13,0,0
1_432.png,28,0,4,0,0
1_433.png,20,0,0,0,0
1_434.png,26,0,0,0,0
1_435.png,24,0,0,0,0
1_436.png,16,0,1,0,0
1_437.png,21,0,2,0,0
1_438.png,24,0,4,0,0
1_439.png,22,0,1,0,0
1_44.png,2,0,7,0,0
1_440.png,13,0,1,0,0
1_441.png,0,2,9,0,0
1_442.png,4,4,7,0,0
1_443.png,3,1,6,0,0
1_444.png,3,0,18,0,0
1_445.png,0,0,6,0,0
1_446.png,4,3,13,0,0
1_447.png,2,3,6,0,0
1_448.png,6,2,4,0,0
1_449.png,10,2,3,0,0
1_45.png,0,1,2,0,19
1_450.png,7,1,9,0,0
1_451.png,5,2,8,0,0
1_452.png,6,5,8,0,0
1_453.png,5,1,12,0,0
1_454.png,7,5,8,0,0
1_455.png,6,3,9,0,0
1_456.png,0,1,12,0,0
1_457.png,3,3,4,0,0
1_458.png,5,3,11,0,0
1_459.png,16,1,0,0,0
1_46.png,0,1,7,0,21
1_460.png,7,2,3,0,0
1_461.png,3,2,6,0,0
1_462.png,0,2,10,0,0
1_463.png,5,1,2,0,0
1_464.png,6,2,1,0,0
1_465.png,0,0,2,0,0
1_466.png,1,1,5,0,0
1_467.png,5,4,8,0,0
1_468.png,0,0,5,0,0
1_469.png,1,0,6,0,0
1_47.png,0,1,8,0,14
1_470.png,15,3,5,0,0
1_471.png,1,5,8,0,0
1_472.png,0,5,2,0,0
1_473.png,12,3,2,0,0
1_474.png,0,0,15,0,0
1_475.png,2,12,8,0,0
1_476.png,3,2,3,0,0
1_477.png,7,1,7,0,0
1_478.png,10,1,2,0,0
1_479.png,11,1,2,0,0
1_48.png,0,1,4,0,1
1_480.png,11,2,6,0,0
1_481.png,8,1,3,0,0
1_482.png,0,4,10,0,0
1_483.png,9,1,8,0,0
1_484.png,7,3,6,0,0
1_485.png,3,2,10,0,0
1_486.png,7,3,9,0,0
1_487.png,8,3,8,0,0
1_488.png,11,0,3,0,0
1_489.png,11,1,2,0,0
1_49.png,0,0,1,0,28
1_490.png,19,0,3,0,0
1_491.png,21,0,0,0,0
1_492.png,5,5,4,0,0
1_493.png,3,1,8,0,0
1_494.png,6,0,6,0,0
1_495.png,8,0,2,0,0
1_496.png,13,0,2,0,0
1_497.png,20,1,1,0,0
1_498.png,9,0,3,0,0
1_499.png,15,0,1,0,0
1_5.png,2,1,4,0,0
1_50.png,0,0,2,0,13
1_500.png,10,1,5,0,0
1_501.png,0,4,8,0,0
1_502.png,13,1,5,0,0
1_503.png,0,2,10,0,0
1_504.png,8,0,1,0,0
1_505.png,8,0,5,0,0
1_506.png,3,2,9,0,0
1_507.png,26,2,0,0,0
1_508.png,2,5,20,0,0
1_509.png,35,1,1,0,0
1_51.png,4,0,9,0,0
1_510.png,27,0,2,0,0
1_511.png,26,0,0,0,0
1_512.png,6,0,9,0,0
1_513.png,26,0,1,0,0
1_514.png,22,4,4,0,0
1_515.png,8,3,3,0,0
1_516.png,16,1,1,0,0
1_517.png,15,0,4,0,0
1_518.png,11,0,3,0,0
1_519.png,10,1,6,0,0
1_52.png,3,0,1,0,0
1_520.png,5,5,10,0,0
1_521.png,19,0,2,0,0
1_522.png,21,0,0,0,0
1_523.png,18,1,2,0,0
1_524.png,19,6,2,0,0
1_525.png,17,4,1,0,0
1_526.png,21,1,0,0,0
1_527.png,30,0,1,0,0
1_528.png,42,1,0,0,0
1_529.png,25,0,1,0,0
1_53.png,29,0,0,0,0
1_530.png,26,0,0,0,0
1_531.png,29,0,0,0,0
1_532.png,26,3,0,0,0
1_533.png,2,6,17,0,0
1_534.png,13,1,10,0,0
1_535.png,13,1,3,0,0
1_536.png,13,4,5,0,0
1_537.png,0,16,10,0,0
1_538.png,0,13,9,0,0
1_539.png,0,17,7,0,0
1_54.png,4,1,4,0,0
1_540.png,23,0,0,0,0
1_541.png,0,13,7,0,0
1_542.png,23,1,3,0,0
1_543.png,19,8,0,0,0
1_544.png,19,4,5,0,0
1_545.png,25,1,5,0,0
1_546.png,26,2,0,0,0
1_547.png,25,2,1,0,0
1_548.png,16,1,7,0,0
1_549.png,11,5,5,0,0
1_55.png,15,0,5,0,0
1_550.png,16,2,0,0,0
1_551.png,16,0,0,0,0
1_552.png,4,1,16,0,0
1_553.png,12,10,4,0,0
1_554.png,24,0,0,0,0
1_555.png,25,0,1,0,0
1_556.png,10,4,8,0,0
1_557.png,11,3,11,0,0
1_558.png,18,0,0,0,0
1_559.png,12,2,5,0,0
1_56.png,4,0,12,0,0
1_560.png,2,21,12,0,0
1_561.png,14,3,6,0,0
1_562.png,14,1,7,0,0
1_563.png,20,0,2,0,0
1_564.png,2,0,7,0,0
1_565.png,0,1,2,0,28
1_566.png,0,0,8,0,0
1_567.png,0,2,1,0,9
1_568.png,0,0,1,0,17
1_569.png,0,0,4,0,11
1_57.png,0,2,13,0,0
1_570.png,0,2,5,0,9
1_571.png,0,2,2,0,25
1_572.png,0,4,9,0,12
1_573.png,0,5,1,0,22
1_574.png,0,1,1,0,32
1_575.png,19,0,0,0,0
1_576.png,20,0,0,0,0
1_577.png,15,1,1,0,0
1_578.png,20,0,2,0,0
1_579.png,15,0,0,0,0
1_58.png,0,0,1,0,30
1_580.png,20,0,1,0,0
1_581.png,11,0,0,0,0
1_582.png,0,0,5,0,0
1_583.png,0,1,2,0,0
1_584.png,0,0,0,0,0
1_585.png,19,0,0,0,0
1_586.png,0,0,0,0,0
1_587.png,10,0,6,0,0
1_588.png,7,0,9,0,0
1_589.png,10,0,1,0,0
1_59.png,0,2,2,0,23
1_590.png,11,0,2,0,0
1_591.png,42,0,1,0,0
1_592.png,1,0,3,0,0
1_593.png,21,1,0,0,0
1_594.png,11,0,3,0,0
1_595.png,31,0,0,0,0
1_596.png,32,0,0,0,0
1_597.png,19,0,0,0,0
1_598.png,45,1,0,0,0
1_599.png,3,2,1,0,0
1_6.png,5,2,2,0,0
1_60.png,0,0,6,0,18
1_600.png,42,0,0,0,0
1_601.png,15,3,0,0,0
1_602.png,34,0,0,0,0
1_603.png,52,2,0,0,0
1_604.png,0,0,0,0,0
1_605.png,43,0,0,0,0
1_606.png,33,0,0,0,0
1_607.png,11,1,1,0,0
1_608.png,12,1,0,0,0
1_609.png,2,0,2,0,0
1_61.png,0,0,0,0,40
1_610.png,46,2,0,0,0
1_611.png,35,2,0,0,0
1_612.png,12,1,1,0,0
1_613.png,58,0,0,0,0
1_614.png,35,2,1,0,0
1_615.png,54,2,2,0,0
1_616.png,17,1,1,0,0
1_617.png,8,1,1,0,0
1_618.png,16,0,1,0,0
1_619.png,9,2,6,0,0
1_62.png,0,1,8,0,9
1_620.png,0,0,4,0,37
1_621.png,0,1,1,0,46
1_622.png,0,0,2,0,48
1_623.png,0,2,2,0,34
1_624.png,0,4,2,0,34
1_625.png,0,1,6,0,32
1_626.png,0,6,13,0,0
1_627.png,2,2,3,0,0
1_628.png,2,5,6,0,0
1_629.png,1,3,8,0,0
1_63.png,0,0,9,0,11
1_630.png,1,1,5,0,0
1_631.png,3,1,6,0,0
1_632.png,0,5,2,0,0
1_633.png,0,0,3,0,0
1_634.png,0,8,5,0,0
1_635.png,0,4,2,0,0
1_636.png,7,0,5,0,0
1_637.png,2,0,3,0,0
1_638.png,11,1,6,0,0
1_639.png,0,0,4,0,0
1_64.png,0,0,0,0,41
1_640.png,0,12,6,0,0
1_641.png,2,28,3,0,0
1_642.png,1,18,8,0,0
1_643.png,2,3,6,0,0
1_644.png,0,0,1,0,0
1_645.png,2,15,2,0,0
1_646.png,3,6,6,0,0
1_647.png,0,36,2,0,0
1_648.png,0,29,5,0,0
1_649.png,4,19,7,0,0
1_65.png,0,0,14,0,7
1_650.png,14,3,0,0,0
1_651.png,0,30,2,0,0
1_652.png,3,10,12,0,0
1_653.png,15,0,0,0,0
1_654.png,17,0,0,0,0
1_655.png,0,34,4,0,0
1_656.png,0,19,3,0,0
1_657.png,0,12,7,0,0
1_658.png,0,6,3,0,0
1_659.png,0,2,5,0,0
1_66.png,0,0,2,0,39
1_660.png,0,6,4,0,0
1_661.png,19,1,1,0,0
1_662.png,3,8,6,0,0
1_663.png,1,22,13,0,0
1_664.png,7,10,3,0,0
1_665.png,6,12,6,0,0
1_666.png,8,1,3,0,0
1_667.png,11,3,6,0,0
1_668.png,14,1,3,0,0
1_669.png,11,4,1,0,0
1_67.png,0,2,2,0,33
1_670.png,4,5,13,0,0
1_671.png,24,1,0,0,0
1_672.png,25,0,2,0,0
1_673.png,33,0,0,0,0
1_674.png,32,0,0,0,0
1_675.png,12,1,6,0,0
1_676.png,0,1,2,0,48
1_677.png,0,2,3,0,42
1_678.png,0,0,7,0,22
1_679.png,0,1,5,0,42
1_68.png,0,0,5,0,20
1_680.png,20,1,1,0,0
1_681.png,21,0,0,0,0
1_682.png,23,4,0,0,0
1_683.png,12,1,0,0,0
1_684.png,0,32,7,0,0
1_685.png,0,15,12,0,0
1_686.png,7,23,8,0,0
1_687.png,8,7,1,0,0
1_688.png,1,28,7,0,0
1_689.png,7,2,1,0,0
1_69.png,0,1,4,0,13
1_690.png,0,35,5,0,0
1_691.png,3,4,9,0,0
1_692.png,1,12,5,0,0
1_693.png,1,13,15,0,0
1_694.png,10,0,2,0,0
1_695.png,9,0,2,0,0
1_696.png,13,1,3,0,0
1_697.png,7,2,5,0,0
1_698.png,13,0,1,0,0
1_699.png,8,2,6,0,0
1_7.png,8,0,2,0,0
1_70.png,0,0,8,0,15
1_700.png,6,2,5,0,0
1_701.png,13,0,0,0,0
1_702.png,0,0,9,0,0
1_703.png,8,0,1,0,0
1_704.png,12,0,1,0,0
1_705.png,13,0,2,0,0
1_706.png,6,1,2,0,0
1_707.png,12,0,7,0,0
1_708.png,10,0,0,0,0
1_709.png,9,0,1,0,0
1_71.png,0,1,13,0,22
1_710.png,9,0,2,0,0
1_711.png,0,1,5,0,0
1_712.png,14,1,1,0,0
1_713.png,14,0,1,0,0
1_714.png,15,0,3,0,0
1_715.png,6,1,0,0,0
1_716.png,11,0,1,0,0
1_717.png,23,0,0,0,0
1_718.png,9,2,5,0,0
1_719.png,11,0,3,0,0
1_72.png,0,0,3,0,47
1_720.png,13,1,1,0,0
1_721.png,4,0,4,0,0
1_722.png,17,0,0,0,0
1_723.png,17,0,2,0,0
1_724.png,8,3,2,0,0
1_725.png,13,0,1,0,0
1_726.png,14,0,1,0,0
1_727.png,4,1,3,0,0
1_728.png,12,0,2,0,0
1_729.png,9,0,2,0,0
1_73.png,2,0,4,0,0
1_730.png,11,0,1,0,0
1_731.png,14,0,2,0,0
1_732.png,6,1,2,0,0
1_733.png,8,0,5,0,0
1_734.png,10,4,8,0,0
1_735.png,9,0,11,0,0
1_736.png,7,1,10,0,0
1_737.png,5,0,9,0,0
1_738.png,8,16,20,0,0
1_739.png,16,8,7,0,0
1_74.png,1,0,4,0,0
1_740.png,9,19,12,0,0
1_741.png,35,0,1,0,0
1_742.png,27,1,2,0,0
1_743.png,32,0,2,0,0
1_744.png,41,2,3,0,0
1_745.png,0,9,1,0,0
1_746.png,0,4,7,0,0
1_747.png,0,4,6,0,0
1_748.png,0,0,0,0,0
1_749.png,0,24,2,0,0
1_75.png,10,0,2,0,0
1_750.png,0,0,0,0,0
1_751.png,0,15,10,0,0
1_752.png,0,1,1,0,0
1_753.png,0,17,6,0,0
1_754.png,27,1,1,0,0
1_755.png,28,0,0,0,0
1_756.png,24,0,1,0,0
1_757.png,4,0,4,0,0
1_758.png,27,0,0,0,0
1_759.png,36,1,0,0,0
1_76.png,7,1,3,0,0
1_760.png,4,11,14,0,0
1_761.png,0,4,9,0,0
1_762.png,0,1,16,0,0
1_763.png,0,8,11,0,0
1_764.png,0,10,5,0,0
1_765.png,0,9,9,0,0
1_766.png,35,2,0,0,0
1_767.png,31,1,0,0,0
1_768.png,45,2,0,0,0
1_769.png,35,9,0,0,0
1_77.png,0,3,6,0,0
1_770.png,20,0,4,0,0
1_771.png,17,2,5,0,0
1_772.png,39,1,2,0,0
1_773.png,31,2,5,0,0
1_774.png,0,8,2,0,0
1_775.png,3,7,1,0,0
1_776.png,0,6,1,7,0
1_777.png,0,0,3,0,0
1_778.png,0,1,2,0,0
1_779.png,0,0,1,0,0
1_78.png,7,0,2,0,0
1_780.png,0,0,0,0,0
1_781.png,25,1,0,0,0
1_782.png,11,11,3,8,0
1_783.png,20,1,2,0,0
1_784.png,20,11,8,10,0
1_785.png,35,0,2,0,0
1_786.png,50,5,6,0,0
1_787.png,15,0,0,0,0
1_788.png,18,0,1,0,0
1_789.png,19,0,2,0,0
1_79.png,0,3,9,0,0
1_790.png,16,0,0,1,0
1_791.png,30,0,1,0,0
1_792.png,12,0,0,0,0
1_793.png,20,0,1,0,0
1_794.png,8,1,1,0,0
1_795.png,24,0,0,0,0
1_796.png,26,0,0,0,0
1_797.png,0,0,18,0,0
1_798.png,0,3,18,0,0
1_799.png,0,0,23,0,0
1_8.png,2,1,8,0,0
1_80.png,0,2,2,0,0
1_800.png,0,0,13,0,0
1_801.png,0,1,25,0,0
1_802.png,0,3,11,0,0
1_803.png,0,4,11,0,0
1_804.png,0,1,4,0,0
1_805.png,0,6,7,0,0
1_806.png,0,7,16,0,0
1_807.png,0,2,14,0,0
1_808.png,0,1,1,0,0
1_809.png,0,0,1,0,0
1_81.png,2,0,8,0,0
1_810.png,0,1,1,0,0
1_811.png,0,0,0,0,0
1_812.png,0,0,0,0,0
1_813.png,0,0,0,0,0
1_814.png,0,1,1,0,0
1_815.png,0,5,4,0,0
1_816.png,0,2,0,0,0
1_817.png,0,106,2,0,0
1_818.png,0,75,17,0,0
1_819.png,0,114,4,0,0
1_82.png,4,0,7,0,0
1_820.png,0,0,2,0,0
1_821.png,0,1,1,0,0
1_822.png,2,1,7,0,0
1_823.png,20,0,0,0,0
1_824.png,17,1,0,0,0
1_825.png,0,105,0,0,0
1_826.png,0,76,9,0,0
1_827.png,0,82,11,0,0
1_828.png,0,0,0,0,0
1_829.png,0,0,1,0,0
1_83.png,0,0,2,0,23
1_830.png,0,0,0,0,0
1_831.png,0,0,1,0,0
1_832.png,0,0,0,0,0
1_833.png,0,0,0,0,0
1_834.png,15,0,19,0,0
1_835.png,34,0,14,0,0
1_836.png,4,0,43,0,0
1_837.png,0,4,2,0,0
1_838.png,0,3,9,0,0
1_839.png,0,4,6,0,0
1_84.png,0,0,12,0,37
1_840.png,4,9,7,0,0
1_841.png,0,6,12,0,0
1_842.png,0,23,7,0,0
1_843.png,0,14,22,0,0
1_844.png,0,78,2,0,0
1_845.png,0,81,5,0,0
1_846.png,0,10,17,0,0
1_847.png,0,3,21,0,0
1_848.png,0,10,21,0,0
1_849.png,0,3,19,0,0
1_85.png,0,0,11,0,31
1_850.png,0,2,22,0,0
1_851.png,19,2,0,0,0
1_852.png,20,0,0,9,0
1_853.png,32,0,1,0,0
1_854.png,0,3,18,0,0
1_855.png,3,2,15,0,0
1_856.png,11,2,6,0,0
1_857.png,0,4,18,0,0
1_858.png,20,1,10,0,0
1_859.png,12,6,21,0,0
1_86.png,0,1,0,0,65
1_860.png,24,1,3,0,0
1_861.png,34,0,3,0,0
1_862.png,19,0,2,0,0
1_863.png,13,1,11,0,0
1_864.png,0,6,31,0,0
1_865.png,15,3,2,0,0
1_866.png,34,6,9,0,0
1_867.png,19,0,15,0,0
1_868.png,11,0,14,0,0
1_869.png,28,0,0,0,0
1_87.png,0,0,9,0,19
1_870.png,29,0,6,0,0
1_871.png,35,3,0,0,0
1_872.png,26,1,7,0,0
1_873.png,18,0,0,0,0
1_874.png,27,1,10,0,0
1_875.png,37,0,0,0,0
1_876.png,30,0,0,0,0
1_877.png,1,10,17,0,0
1_878.png,10,3,15,0,0
1_879.png,36,0,2,0,0
1_88.png,0,0,3,0,37
1_880.png,27,6,3,0,0
1_881.png,29,0,5,0,0
1_882.png,18,5,10,0,0
1_883.png,21,0,5,0,0
1_884.png,23,0,0,0,0
1_885.png,13,0,11,0,0
1_886.png,22,9,8,0,0
1_887.png,20,0,1,0,0
1_888.png,14,0,4,0,0
1_889.png,37,3,1,0,0
1_89.png,0,0,11,0,12
1_890.png,32,4,6,0,0
1_891.png,29,2,5,0,0
1_892.png,10,24,17,0,0
1_893.png,16,1,8,0,0
1_894.png,34,0,2,0,0
1_895.png,14,2,15,0,0
1_896.png,30,1,8,0,0
1_897.png,0,14,13,0,0
1_898.png,9,0,5,0,0
1_899.png,13,4,1,0,0
1_9.png,5,1,7,0,0
1_90.png,0,0,0,0,52
1_900.png,0,6,9,0,18
1_901.png,1,2,21,0,3
1_902.png,0,5,9,0,31
1_903.png,28,1,4,0,0
1_904.png,20,6,11,0,0
1_905.png,44,14,5,0,0
1_906.png,43,3,5,0,0
1_907.png,27,0,0,0,0
1_908.png,37,0,2,0,0
1_909.png,24,0,3,0,0
1_91.png,0,0,1,0,30
1_910.png,25,1,7,0,0
1_911.png,41,0,0,0,0
1_912.png,22,0,1,0,0
1_913.png,14,0,9,0,0
1_914.png,10,1,6,0,0
1_915.png,18,1,2,0,0
1_916.png,18,0,5,0,0
1_917.png,13,0,1,0,0
1_918.png,22,1,9,0,0
1_919.png,33,0,4,0,0
1_92.png,0,0,1,0,37
1_920.png,19,0,3,0,0
1_921.png,24,0,0,0,0
1_922.png,22,0,5,0,0
1_923.png,19,1,0,0,0
1_924.png,1,14,10,0,0
1_925.png,8,3,3,0,0
1_926.png,15,0,3,0,0
1_927.png,16,0,0,0,0
1_928.png,14,4,8,0,0
1_929.png,7,1,5,0,0
1_93.png,4,1,7,0,0
1_930.png,3,2,15,0,23
1_931.png,1,0,6,0,40
1_932.png,20,1,2,0,4
1_933.png,33,0,2,0,0
1_934.png,29,0,6,0,0
1_935.png,26,0,2,0,0
1_936.png,33,0,1,0,0
1_937.png,9,0,10,0,0
1_938.png,18,0,7,0,0
1_939.png,17,0,6,0,0
1_94.png,5,0,9,0,0
1_940.png,15,0,10,0,0
1_941.png,30,2,1,0,0
1_942.png,39,0,0,0,0
1_943.png,30,1,3,0,0
1_944.png,31,5,2,0,0
1_945.png,29,1,5,0,0
1_946.png,20,2,9,0,0
1_947.png,39,0,4,0,0
1_948.png,10,0,7,0,0
1_949.png,20,0,6,0,0
1_95.png,24,1,0,0,0
1_950.png,20,0,6,0,0
1_951.png,19,0,8,0,0
1_952.png,38,0,2,0,0
1_953.png,65,3,1,0,0
1_954.png,54,17,2,0,0
1_955.png,45,12,0,0,0
1_956.png,27,34,4,0,0
1_957.png,90,0,0,0,0
1_958.png,100,0,0,0,0
1_959.png,119,1,0,0,0
1_96.png,14,0,2,0,0
1_960.png,91,1,0,0,0
1_961.png,50,29,36,0,0
1_962.png,0,112,1,0,0
1_963.png,26,0,0,0,0
1_964.png,30,1,1,0,0
1_965.png,10,0,0,9,0
1_966.png,0,26,23,0,0
1_967.png,0,72,6,0,0
1_968.png,0,91,3,0,0
1_969.png,4,0,7,0,0
1_97.png,13,1,11,0,0
1_970.png,0,0,14,0,0
1_971.png,14,0,0,0,0
1_972.png,3,0,11,0,0
1_973.png,9,0,4,0,0
1_974.png,2,0,7,0,0
1_975.png,13,6,14,0,0
1_976.png,14,1,6,0,0
1_977.png,28,1,2,0,0
1_978.png,34,0,0,0,0
1_979.png,39,0,0,0,0
1_98.png,10,2,4,0,0
1_980.png,56,0,0,0,0
1_981.png,56,0,1,0,0
1_982.png,38,0,0,0,0
1_983.png,45,0,2,0,0
1_984.png,53,1,0,0,0
1_985.png,48,1,0,0,0
1_986.png,43,0,0,0,0
1_987.png,49,0,1,0,0
1_988.png,46,0,0,0,0
1_989.png,48,0,0,0,0
1_99.png,2,5,8,0,0
1_990.png,46,0,0,0,0
1_991.png,53,0,1,0,0
1_992.png,41,0,0,0,0
1_993.png,37,1,0,0,0
1_994.png,42,0,0,0,0
1_995.png,0,0,9,0,0
1_996.png,0,0,0,0,0
1_997.png,0,0,1,0,0
1_998.png,0,0,0,0,0
1_999.png,0,0,3,0,0
